"","daily_minutes_hobby","daily_minutes_exercise","daily_minutes_grooming","daily_minutes_commuting","daily_minutes_tv","daily_minutes_talking_to_friend","happiness_rating"
"1",18.5935877263679,16.0801697145957,13.7853401927463,20.3089027730829,95.3432505759212,21.6699149083091,2
"2",17.489108579476,23.1833649363536,7.71523600659389,64.2858382846459,72.4849644680134,13.6867695739871,1
"3",19.587008675392,20.5809815497147,18.3994994092739,53.2415933674043,29.9201937128084,18.1038166522218,2
"4",23.1690477739356,21.1713179417469,19.6374822287256,64.9448538948526,22.3712394092164,14.8519900950778,2
"5",28.4644923879666,6.8842179220757,19.2021136925629,37.6992558766493,36.4614067617232,13.968990831562,2
"6",18.8256711916604,19.419775556649,29.014012958751,57.5753495050692,91.9443866463788,17.013295480449,1
"7",19.0454603709045,26.3552805226235,7.2973286235547,69.2319778927339,93.1888853556249,12.8315495584384,1
"8",20.2958895432854,26.931356360757,17.8687421777804,48.5455769767842,30.1447273291072,17.5874431232803,2
"9",20.8432004587795,14.6683165297342,12.6416544362998,7.9440796385022,94.0796000011712,14.4575608908197,2
"10",21.5868334465774,23.4883910546907,15.1828011036932,54.4356542127331,6.82550998009241,12.5539714758239,2
"11",41.13567217969,19.9234846781812,17.835794453563,20.2027779612894,83.5620605472134,16.3395358969757,1
"12",21.8666635346944,15.8584412847824,29.0368164893631,57.0180566769639,96.6406628410772,14.274510634935,1
"13",14.7619683853419,15.9298692324822,3.073643176548,56.3254481081796,55.5728424160623,14.2729548889587,1
"14",16.0043704487909,21.693087005035,24.8753634570018,55.7209862197919,80.4148010842044,18.9530044788883,1
"15",27.6689236482737,22.716169382026,19.696302907022,48.5840284526938,38.0665133225372,15.5609946637309,2
"16",18.5362227524161,27.236923558687,16.9703167409863,25.3016699517324,95.7490511967124,21.2820652396955,2
"17",29.7512581656548,15.2758660739242,16.0679479946661,20.3010361885182,88.8415311990802,19.6313922875705,2
"18",6.96184767387597,37.5533281695348,26.2460126920198,53.8095157881127,93.0274405536567,18.4449660297128,1
"19",15.8404948639119,28.0935396592326,18.6095514853077,68.887636349152,22.2634667799796,14.8010783925899,2
"20",23.7937317060792,27.9587156844859,16.7496259712594,57.6300403890232,106.368121861359,2.2842327344702,1
"21",18.6843726936192,15.2263149460558,27.8131849466594,63.9944744377364,87.7921565600342,17.321975943701,1
"22",28.9784926932023,13.6699712917432,19.8133422152926,65.6053315584632,41.2509205786396,17.4134922698474,2
"23",10.2084138248904,21.1283540759777,6.46739795736627,42.9996213092315,85.1504716755521,16.9054079327316,1
"24",26.5516017558353,18.4078788856546,16.1236782378214,19.2915076756566,75.533526486082,16.4305696021155,2
"25",35.2421445109585,26.6657430870671,21.6551107420122,54.558962904,94.3811452599155,10.7375568809494,1
"26",14.3562795173589,19.2320004504653,14.5111050228026,72.5047822458088,113.854386473158,21.8067529621787,2
"27",33.8123699687195,19.0253642146368,23.104945874436,63.2802185940821,100.452810046094,16.7239914706279,0
"28",25.6743243803508,13.8600890492074,19.8566373457284,54.7526175180899,18.9992480804888,13.9732219828276,2
"29",19.6415511815015,17.5790046313438,25.392942483651,73.1690890539896,81.2027309572935,7.72822887073057,1
"30",15.8400988984063,29.7652373949623,19.0603157501354,43.6243858631798,86.9942995284559,20.8302545775393,2
"31",27.6510769658043,22.108049171598,5.93031179331983,56.4809099348774,87.0530575910128,14.4701435404703,1
"32",20.6217113846834,23.3078638750863,27.4073533567215,69.8615138211429,93.397580623232,18.2105649006693,1
"33",20.6003079677199,24.3499988689233,4.29978661757405,61.4818649295561,58.029974693454,9.52356222944676,1
"34",22.4605055571288,7.2227679897854,8.31146354107252,70.2507097235453,63.2198601368518,14.4520769375107,1
"35",21.6826874234302,21.9823618001472,14.2553972659621,52.4155639977995,91.749981632199,4.0653366379168,2
"36",18.2135497270512,26.5819225781881,14.9105637059788,87.3780600453217,77.6918686473852,17.5631536193234,2
"37",17.7110633294136,25.5412152955532,14.9782164941663,65.7289941899016,86.5037444815395,25.628185977961,2
"38",24.251609795305,18.0401678329687,25.3338491893715,68.190843453727,71.553858713898,12.3792590727717,1
"39",21.7994771846781,33.3347804287034,22.6339259587713,61.5401047599886,87.3943111953546,12.2554881139814,1
"40",25.00802113251,25.8404017102731,26.9507119356543,60.5258750723035,83.9421680803772,17.0083550940754,1
"41",22.3313352713201,21.4334569603151,19.1482699285067,0,76.0992212761513,19.4441229178877,2
"42",21.2897657371346,19.8328575284372,16.0585638657493,82.7345811128187,118.951173914063,17.5665121799575,2
"43",13.670033301362,14.0138967141563,19.0917402936468,24.7793566396728,78.1560565221644,19.2723406205707,2
"44",27.2246736349048,21.3484882557419,16.0321024484277,30.2171137880031,77.8311156922144,20.9899092708549,2
"45",29.9170838401141,22.2896213257984,19.4151964606777,55.4468892992354,95.7826065455601,3.4264459010777,2
"46",18.7099022943519,25.149278037015,18.1205574212053,53.4634778468491,89.190172628732,3.3912661705813,2
"47",26.3059182761013,12.4526096761434,16.8618740763434,48.7055802690096,92.6742900607652,1.8407371735841,2
"48",24.0257582983637,25.5655725742715,14.538877558445,12.8280640880658,121.389410553213,21.7405291646675,2
"49",21.6265595553624,28.4201679399611,16.4614972363267,60.2166034009177,27.3909882677804,11.6809321682314,2
"50",15.9063964417932,15.7857677677328,15.08151121057,65.8331125272285,86.5598901371131,1.2944531077148,2
"51",24.1200529243946,27.6294387194466,17.681925424996,17.4433165014534,119.254660757572,18.420420866871,2
"52",16.0582205468148,22.4665612189965,9.38123900347238,32.4397116765006,98.3958265821718,14.6190556763218,1
"53",26.6329694068575,28.0084666070434,3.81213314921215,57.3084865901139,85.8490908088551,12.4163894227482,1
"54",16.738421627414,32.1682275542101,16.9522274942447,41.2885853263128,30.6258091324496,11.8717297119367,2
"55",18.8925841021537,28.6853573015533,14.3539135894726,69.2924343367838,100.203681426861,20.4970668410942,2
"56",16.8326961834695,26.5075698403383,25.5151667507311,72.6859185713014,76.9559716161769,19.6714081239297,0
"57",21.6457894170616,13.9774752695537,5.85939444151756,54.3060384426046,71.2527066102614,9.99212290102122,1
"58",21.7462323721648,38.9570037555184,22.3450359428815,68.1589831998567,92.2221801216546,2.4200272900015,2
"59",17.3011001541472,26.3548418715891,11.4701789593133,24.9783762935298,91.9711369598396,17.9039416586889,2
"60",22.8787179739759,19.2122622603537,17.7460695872909,76.4480718667951,91.4621807501717,19.6477172118494,2
"61",27.273597486878,23.3582429021952,14.8220840854806,89.7785606379256,108.725598934217,18.8028221002471,2
"62",23.6589949476581,17.9912141320933,3.59494536160871,51.291159690413,81.7813963534854,9.58545977680096,1
"63",24.5080154516026,21.8351424793283,11.6447633229138,85.3227270417638,94.1458554119958,23.6114759267505,3
"64",17.3244512771316,14.4788409473539,12.1652036601076,84.1686534144338,104.306077882111,16.9356625597131,3
"65",26.6415455341178,18.5768919280432,14.166296788945,78.5383873428335,86.8389359383066,22.0036248284175,2
"66",29.9451488603032,32.4366639549304,14.1419551698852,64.9366862192108,104.457898223929,21.7232297493611,2
"67",34.9640491545353,30.6864225321283,10.8751288793766,87.5037444966712,82.4566217986402,19.2458861041232,2
"68",8.98025678421751,22.8340910356789,10.9622620765651,72.4695897586326,100.387863679904,18.4152813037334,3
"69",18.9814611759032,18.4869739955513,19.6712848516367,56.6875837680931,84.4386602462186,0.194874692698701,3
"70",19.1803463036391,15.2997586266022,16.6351944269685,53.7125984304377,20.7186452186428,14.3745865112455,2
"71",27.7232096643956,7.0859603229979,17.515704709892,60.7472522290595,23.0018001177412,14.4907548673113,2
"72",29.7748891329735,15.8740349424812,24.606687419538,63.3712699932976,86.020794090268,12.0073548942896,1
"73",21.8735184767829,47.9397206575143,13.7398499486323,61.4146620568292,81.9398240451768,19.6536409085263,2
"74",20.4524225471097,15.1596283183966,18.9852810873625,59.2351816335536,85.9958248840105,0.937396017765501,2
"75",18.4953337619505,18.9178931757557,20.8275731583237,26.6793621717825,91.4258015665952,20.0393755306308,1
"76",34.851819327389,31.0276965637907,19.6184888843089,45.8638086293649,31.6597435057156,16.2598136046158,2
"77",24.4045917867387,22.2873970589376,15.4278814297558,50.0148192533686,107.686924959567,2.5719896330617,2
"78",26.8592247027101,9.6724608825022,16.8329996742245,49.2854402509356,13.2009440484372,17.0817270448855,2
"79",24.3565670553063,21.7603914325082,18.7872244812196,53.0118061785087,26.7171771094704,12.6776105294147,2
"80",34.4183509564765,19.9399939430227,26.4711452489809,62.2836871557125,93.4935494489576,17.8713950799199,1
"81",22.7729379503457,12.3563005971358,17.0795214086822,55.6749754806617,47.0736335965891,12.3765157626469,2
"82",25.9574927780194,19.2803771070017,4.07739620621225,43.0300650287224,92.6782453902866,11.4524758644786,1
"83",26.8480155409338,25.848740357288,20.2409900334706,26.3156659663737,70.8650916291929,20.3751478487085,2
"84",28.8296460496338,12.8549861467023,23.4085893562123,67.7301437120677,68.493678496892,21.7951415314522,1
"85",11.6573753187514,19.450757061034,15.6394232795269,61.1811538070855,87.8838361450016,3.8954227229744,2
"86",21.711857560066,18.6143398996586,27.6683109260917,68.2519010759131,81.4360537957834,15.5376471101383,1
"87",20.6681579024815,13.3739621129136,17.0113758768064,31.3311614393082,70.0822398047143,20.5234869074362,2
"88",25.3709410110882,28.6455941696864,13.0611224554181,76.1142028381351,94.9688804983594,12.7859960851516,2
"89",21.6812243817973,15.7324618560078,16.8994185509857,57.318419662257,95.0401260934081,3.1124791727145,1
"90",9.10944184615284,8.2528596242691,17.0326630103851,96.3558027524586,104.335922514333,21.4589590963021,2
"91",17.9823501264749,13.336739676052,6.03042615320548,61.3133673530413,67.4149774046092,16.1559947952872,1
"92",25.3076021861235,21.5479682493943,5.42583315531987,47.5340434638779,77.2499390363574,17.036546753069,1
"93",21.3838203009412,18.4326494610654,9.81076145768393,59.2893150133915,88.2529877141477,22.2768301130212,2
"94",15.7845109566833,24.0773192509187,22.520834925111,49.4637750683793,82.460509703422,0.729078336076398,2
"95",32.7194240433491,14.259898609308,16.1193142202347,54.4963362948793,87.3372086439987,3.83804731506,2
"96",15.8550807208813,14.3576888371109,24.993036598045,69.6309365445657,77.9581156884069,18.2186326724781,1
"97",15.5129095490539,13.7566230268417,17.2057227673924,31.3740700109913,94.7006377869311,16.1859518508012,2
"98",20.6701238013047,19.2985390030336,17.0496288423893,25.033536838398,69.9895614664094,19.132451190786,2
"99",32.766015953465,27.3812664257058,7.52019235045342,51.8824300898741,75.6297298690112,10.4308965316202,1
"100",31.5259158565878,20.8979411512478,14.252424364286,18.9958064320362,105.967146881505,21.1488980503966,2
"101",23.5959477736308,22.4567120520509,5.06365279316981,54.5389749602557,58.6686548969382,13.0164788103888,1
"102",24.6559552402521,29.9334614684907,11.462116528528,93.1511606254966,93.2473267854347,21.7485864178924,2
"103",26.5499392068341,32.9858829631801,17.1621660949632,98.6325478078539,108.581283153174,16.6474587973606,2
"104",23.8013494315055,21.530261187127,15.1996199769009,84.9380851923641,109.52233005379,13.5253119353311,2
"105",24.921719074153,21.7863799714086,22.9988937968522,65.0673670550272,80.3473739190188,22.4473156653791,0
"106",23.0777128310962,18.2148019926672,14.4024340671189,77.4919654978074,104.244894682159,15.3573582984231,2
"107",10.4765136402967,19.3030421786109,26.9156350692859,66.7679105380446,94.8417494313614,15.3875241470409,1
"108",26.2176940480144,18.4616311116115,18.3016731858657,70.2472430624618,29.347729963194,14.3555348058644,2
"109",15.373110270897,19.4307980930178,19.6598881678277,53.2231370391879,22.1673619699792,14.0477024637079,2
"110",29.0200455516203,14.4099151233295,24.4409288763973,57.0149476108093,69.6511664967831,20.614151892152,1
"111",18.536084965195,23.1736648715428,17.3431631449277,56.2099741377994,11.0386127619072,12.9465350401901,2
"112",22.794514136716,21.769116509388,6.72920261843665,41.9168923015274,63.7441480082699,17.3140488562807,1
"113",14.8037406884393,27.1778000639205,18.121497283053,24.357533918877,78.3083641719181,17.0926189004035,3
"114",21.0217521820575,17.5817325880985,21.3327492521417,68.7104668548043,22.0505368360976,13.0246870251895,2
"115",15.267754317175,16.0260995575918,26.2856435688836,58.1999224200049,93.1903232978184,13.8318950198876,1
"116",18.9592938488189,23.5334948468771,20.3538559147294,25.7180913808017,90.4443036740863,18.8850661890703,2
"117",6.49128076853441,14.433372441096,12.7742210691101,70.7093834828743,88.5936765696909,23.0164461910915,3
"118",21.5168902103931,13.5902330172969,20.1241072943886,53.1397970355355,92.475273812587,5.1102767722919,2
"119",27.7692864097032,14.4022350742176,6.69139746812575,53.9219936849586,81.6583881624985,16.7000315919154,1
"120",19.7030990531658,15.3529269609402,19.2984531530986,59.5246286257199,90.5346719446137,0.1231388359117,2
"121",38.1619210853664,21.3254113300518,25.4038914932952,65.4729937195596,86.8969947618664,17.803242978489,1
"122",16.9750138831606,18.5545820834425,25.4835094403243,57.2884039732269,87.9984523590834,25.4722042624737,1
"123",23.036141254793,21.6347970663732,20.3343198242469,56.8656496804228,14.904169357872,12.3017781976093,2
"124",27.2206247314735,24.006065745957,24.2514468648654,66.6359101568715,83.9610458965787,10.6442547609041,1
"125",21.5575290734331,19.0724249218936,3.70889479024376,52.6106651759668,59.406669427981,17.0836993569787,1
"126",14.5983040871384,32.3993888849388,19.9983242038833,64.7409158674112,86.2060394936763,4.6673036710254,2
"127",13.8225739035984,17.4330107975578,21.1117303639173,30.2220892086561,116.550290475344,22.4785566377816,2
"128",20.3804071084944,19.7976536394225,17.8904342117083,54.4241934072858,100.947356262983,3.6423368261401,2
"129",26.5745419691625,25.4289951741338,18.9979054022755,63.7870978830165,34.1839862259236,16.6179959271644,2
"130",28.8086891670889,18.4302920022647,23.8318775916893,60.6467590656769,82.0336626238718,18.0974456315911,1
"131",26.5037006132574,13.1234190703837,4.76423015684165,40.3004016975929,78.9458367355192,17.7445825069631,1
"132",22.7513931458685,32.121256977544,6.29686161757451,48.8278448862943,66.7514955814788,9.526323435246,1
"133",11.540241061918,17.8497965322103,16.7491910538308,61.3570224224575,102.912210659571,3.7177313755076,2
"134",25.1934201944938,7.7008893326902,17.2276421890545,15.4606153742139,88.2165004228222,21.1415684136515,2
"135",24.3714846000896,19.6489962450621,21.1995557718905,29.3335108406847,89.6398532256054,22.2878702142141,2
"136",16.2388739127306,20.7618534048964,21.4648263928813,60.7667564369165,87.2444634893799,5.1472485704534,2
"137",29.5392404543562,17.6429030169671,23.1134694570021,57.1969584586626,92.7864432520599,15.0948665104154,1
"138",17.1973887493721,16.7934639830738,14.405936945656,37.2496045267081,78.8166844169715,18.7395801129932,2
"139",25.3401336076158,17.6902886610505,11.7824640558942,72.5725038575521,74.1305715581595,19.4327749894149,2
"140",23.4805286599737,20.2505550611615,18.638946338732,59.0508675702397,90.2766921046526,2.0816283206922,2
"141",31.6701813053582,18.3938277018042,25.86454788133,68.8505777758868,90.592654505639,16.1765142037398,1
"142",20.8806515628981,13.0716451888518,17.5948263679169,55.668528738236,90.8055199098572,3.4525478163557,2
"143",20.3770295170299,23.4858308600527,21.4698029944964,31.3365848347413,67.7402111120433,20.1230311167623,1
"144",28.0907280069893,26.3515606102353,26.0029555832137,69.6307433807751,96.7926864426934,18.7159077760547,1
"145",24.554903730379,20.1192136180617,8.08472310168928,47.5414249807771,63.5939290974256,13.2979785360485,1
"146",18.9578605389893,9.0619434559919,17.0432090067449,44.5006384529852,47.7635617286796,13.8413292005376,2
"147",22.4395924115258,18.3827029565251,12.9863627236984,80.2166532455419,87.152494763271,16.3670398395351,2
"148",16.5783985021785,20.7454635118747,17.8451482578291,55.7222105429302,41.7765747578956,15.5998788004655,2
"149",31.1945411030516,15.6593992764882,11.892015971661,83.7972562379643,71.4585227002377,22.1087435945614,2
"150",18.1698859425126,7.6690764853461,7.95958395143979,45.7425898481163,62.974326050499,13.8761332045761,1
"151",17.0983744975667,25.7173876090751,16.9307239881647,55.7032923384853,34.9141781148756,16.1779409754533,2
"152",21.7993883028948,11.34427792222,5.07754102028167,52.0790796812041,67.1170373687334,11.5750095032539,1
"153",20.3753150196877,10.239228143288,20.2134772688623,57.9856190260167,80.6093943795119,15.6190693475097,1
"154",8.02189384614851,22.4106690691753,17.0618466477274,33.6203422239678,95.2907897936965,15.5244649890432,2
"155",22.2988945524381,24.4985657476328,25.9427117294542,57.9268785452348,79.1196060000283,14.3161394629203,1
"156",20.5937573724116,21.0755387076223,18.7401730357143,57.1936156202241,19.4849603862992,15.0996615500894,2
"157",20.1966416133187,21.2342292870603,26.527938809028,61.0485319927333,82.3199740235497,17.6522381434361,0
"158",24.7307838258046,19.0562593973396,25.9636598307739,57.1792240607857,82.4842021533981,18.8676482375233,1
"159",17.2689978457367,12.3991006878963,17.1140796729289,32.8188063098649,86.7566051699098,26.6952892273517,2
"160",32.6974838895062,11.1600107920953,21.8130948966807,64.4902037398412,85.499429638707,13.8970057886748,1
"161",17.3810744533379,16.0859149570925,16.1332193555931,64.959215981743,28.4633079213328,10.6498454048872,2
"162",22.759264057134,23.2467338007952,7.41440625714784,55.0518547451616,67.2515897135203,12.797298884866,1
"163",35.5935834006707,24.1685475647601,17.8682667027309,51.9708754096757,91.6767805799846,4.4134879035622,2
"164",23.2587884722101,23.5818370106518,8.20530800412605,80.2070414249128,69.8071779455844,14.9985204698588,1
"165",17.3595628935693,11.948351720911,19.8174983543086,52.2604459546829,94.13803062926,1.0033297966106,2
"166",19.567376821312,21.2057413527881,15.9572458583231,97.3616953857411,93.3928391627142,26.5604701576513,3
"167",9.65229713623097,26.5184491242903,8.72674491848009,41.1108454256597,91.5873810133503,13.0566712772172,1
"168",18.6139459888574,12.0619886297108,15.0569887246651,13.3749200997912,76.7229847104496,19.9699542386874,2
"169",11.4549829636216,18.5142902980188,23.4915928661298,63.179935175626,89.5667193386415,20.329156518067,0
"170",19.075801716015,21.8725031930917,17.6722658716994,59.6910412604358,19.021670732484,16.4820594733651,2
"171",21.0983318731788,19.7214625103297,9.60819955383973,70.8330837025125,85.1845143174047,18.9368406204321,3
"172",24.1447499687716,27.6041747517927,17.0276806560865,58.5355881882203,3.6343400620372,11.6367473836938,2
"173",28.8247516484019,18.0709171321814,15.549175906719,27.9071040011862,105.933594715429,20.2799029753339,2
"174",16.3093479373048,22.7471831434782,8.97713320617111,50.0718283799743,90.2988866213664,17.0753736859504,0
"175",16.5135760264816,22.682088522074,25.1149022610575,69.5820636903206,72.2512253467216,19.8740593077691,0
"176",17.485254594065,20.8028695508753,15.2544572108751,78.3085735733587,89.0536067626054,22.5745843549435,2
"177",20.8629608578238,31.122848915665,12.5492294656793,75.4722181408482,105.791292937321,20.3317093056355,3
"178",19.3740920562617,20.6824328432204,17.2369560633072,57.4371945808736,1.4556461732156,16.3876937337207,2
"179",12.7265553573248,20.4096090907609,14.9759383745352,27.5815484975955,73.6473882199868,17.4400987325801,3
"180",12.3111755125654,24.7676619598599,5.27758754675452,64.7885770940873,81.3628741435754,13.5423008876621,1
"181",19.6898853574334,19.2299941308069,16.3318968017873,80.7343009649288,109.459250417903,20.8898906482613,2
"182",30.9882646968941,16.9761815246094,17.3169273408399,18.1416668098827,97.2030458048384,24.3694711679614,2
"183",20.6123191779015,17.16911976372,19.104006166939,25.4321641676922,79.4296557037388,20.357547047221,2
"184",33.6439438660142,21.7171299704146,17.9798062143418,57.567546341626,36.5525436165188,15.0581262805071,2
"185",20.3148883161921,14.1093694265122,7.27698014686659,44.8836165847999,58.596253752132,15.8220734908415,1
"186",16.4733306658166,25.5706266638896,17.1367942571986,44.0372814680669,110.451136968136,19.4640542484581,2
"187",19.3805863152527,28.136943776391,16.5544013787018,27.7661464670253,91.3616969174725,22.6213646421066,2
"188",17.3276625722621,20.187576762848,24.2882022125694,66.1768222940855,82.6227013072484,12.4824212083387,1
"189",9.34841289292063,7.7182143397813,13.002355490883,87.5050173641929,98.6268070753835,24.8214707155883,2
"190",9.82431971791865,26.2243302936017,21.6053651322437,46.657313713947,6.91980701859521,12.3802353380057,2
"191",23.4849781035862,24.8975165853874,15.5243379756061,62.0335799551499,29.0173278957236,16.3771406784043,2
"192",22.9615152837692,4.1644031393538,20.158594356546,53.7415912242116,88.3896817675594,0.111636332796401,3
"193",15.2591008097719,14.2101616794915,12.294622834779,52.6455222533627,7.2742576293724,14.0759673540103,2
"194",9.26246589094215,25.8242545361176,22.1951379939899,68.8130005454599,35.2136743350068,17.5616113062283,2
"195",17.683186878199,37.3997373271991,26.8336035548651,64.4047729318284,92.3107197995802,14.1456809092852,1
"196",22.8815480993159,15.0537973714458,7.17645888717193,39.2431990580368,82.7615047323042,15.9130622951719,1
"197",17.6380662731963,28.5335622199628,19.760944615205,50.7464452525864,103.576260738499,4.0575885424832,2
"198",15.4928418797919,17.9099030829095,12.1946313620484,54.4684037831431,93.4822084004429,7.0613098472358,2
"199",16.1922414699489,14.8602587207154,17.8184839328732,23.2491639417474,82.8913574670185,18.695299846173,1
"200",17.501195994796,19.2814815667352,15.079092136275,78.5353678467134,17.2276431953116,16.5937502474697,2
"201",30.0138465701326,22.9902237094233,19.8014799389205,25.8481989451842,78.6961066460447,18.2465143969462,2
"202",13.848526358918,23.5743692171526,14.5481798885653,75.6764014572915,74.6985054426439,23.3680331617115,2
"203",18.0647806533602,15.5385130828808,18.1008196183452,61.105730372446,40.1070706815332,13.8136610107453,2
"204",24.5865298849464,24.4057745205298,13.0109702411032,84.9156546054859,114.82249846066,15.5267889764141,2
"205",20.8455341278731,0.7700038419793,13.5616376800555,59.6695976822752,19.895798219652,13.2495844889378,2
"206",21.8831609800697,7.936361494484,18.2751066707332,32.6742083513589,73.794628891312,20.5523792269562,1
"207",6.0209688733446,26.5532588956019,23.047606063115,61.5779774651954,94.5265017147328,0.8002644275448,2
"208",22.7574263044881,20.616136561999,19.9308480946238,52.3019230803363,101.7355365493,2.9264413635953,2
"209",18.0795636186902,15.0808399806711,19.4304146849743,17.0968435226259,87.4981081208329,16.4380930319333,2
"210",31.1982246229018,17.5552652663712,5.98616985717027,39.0578131032195,73.1345141685327,14.5215533591594,1
"211",21.2114962086238,34.1585755780644,15.6163021110757,15.3365281265052,75.1135686035946,18.4894457603368,2
"212",13.6947357129646,32.2382105575065,5.53025659703642,57.9048835609182,66.9842446700688,12.6254016918987,1
"213",15.2850436575525,11.303644707812,13.8488401319419,96.2169064988968,92.6244924602422,15.9885778791174,2
"214",16.2955837520546,24.2683094219146,16.2162296010121,20.9269936026105,113.375184357333,21.8500544661279,2
"215",28.7903449501415,8.6934454156624,19.3209027071921,48.4065289514934,33.4181430943728,10.1562449132558,2
"216",29.0833332159124,23.0651929002865,21.6147188339029,52.4956684456634,24.7418905625868,17.3648180691542,2
"217",17.4141058523673,12.5775821182353,3.94077687153893,51.709942236631,67.0181660340498,16.8721443489726,1
"218",13.5847819337869,15.0106324054431,18.3360459178623,66.0394948109395,88.150144183831,4.0640121406555,2
"219",21.1392103129772,13.7751845965061,15.7401909241067,25.4280718498002,80.2308267128369,18.9500353017811,2
"220",23.3981483074881,27.0139274610938,23.533224203195,56.3958503390969,83.4553788210414,18.6155737550113,1
"221",17.3821111974362,17.5956966421405,22.1156533917654,29.1411455443797,105.177998552106,18.5118214837804,1
"222",22.547797674023,22.9358060293868,19.5912467644209,57.4521778214326,67.5443433254665,17.9803013071486,1
"223",15.7271772529979,21.3536524877467,0.497760252073901,46.756021371653,62.5960565164768,13.8128117388687,1
"224",25.6264700601264,24.6245152476057,17.693752919204,56.4533103418846,100.316852774421,2.8619663361987,1
"225",30.7382297185065,16.6939942791782,17.9606482041993,17.8757388686928,99.1894579596724,23.0535500974833,2
"226",16.9578047808999,20.0780751556075,20.1448099896493,11.890053894552,87.5569040212246,19.4363149066843,2
"227",36.2276565627967,23.8968738200854,18.0758606069174,18.6948499431546,89.0973958646182,22.5946547550846,2
"228",21.5953821113719,15.9100766054311,1.64776498273652,57.1319834018153,62.3197691076076,14.3152040253663,1
"229",25.0223389965064,28.8988429339607,4.62756256065336,50.6905410656292,69.4920505320963,11.6797797909485,1
"230",25.56901590492,18.0062031716309,18.6110521783004,64.2595411553192,47.2946590984499,17.4063529024889,2
"231",11.7690016679537,17.4761747323803,24.3225135422321,69.6672400666567,87.9243003300421,15.2047221671242,1
"232",26.0928199531515,10.7281691994522,13.9206193623128,32.4218713342503,82.9058345645124,22.3989261380687,2
"233",25.9272196854629,18.4534840714282,21.1321090098405,75.9315582001203,43.6405589512072,16.0634199858873,2
"234",20.4528092346721,16.2985535557234,24.9147499699782,64.7140111321471,89.3114818929262,19.4708578965983,1
"235",25.0513936634702,18.7476960173911,19.4700419441107,39.5494828494938,95.6961495620919,2.062771785162,2
"236",24.1049513575399,16.1438943316041,10.3998015487442,81.4376018040618,98.5440050542672,20.242735328776,2
"237",9.52902753075712,15.3227692104451,16.9550781482978,58.7322960844127,16.8646554262296,17.2787360940012,2
"238",25.6874197596837,19.0370039357082,17.8147011062804,55.6262126280379,23.432117124474,15.0672554851404,2
"239",13.7336335408422,17.0689218515551,22.0070004524437,58.9111778901022,83.115292702471,26.2471514175685,1
"240",25.9423526325981,23.531733795708,16.0976691985543,58.9588458096491,35.817635370592,13.7348854063693,2
"241",22.0815341373891,28.3094436213357,13.5197511860381,88.8657574827629,104.390874374493,13.6697887810929,2
"242",17.4974709423432,15.3708701312422,27.7727044836304,45.2462105761248,81.5536602142123,13.9662441331188,1
"243",15.5458463665262,22.5786783130345,13.8599531643995,76.3577873610007,85.2594278610934,15.7544211140162,2
"244",29.4084750337132,28.3283568537691,13.8907377263574,71.3115016653533,94.6609769454744,19.5619061973551,2
"245",33.1963763272419,22.4701505228391,18.3900417963458,55.4240490882621,43.1829131750548,17.3531726612006,2
"246",27.5537211386149,25.5231423833132,11.5898842009082,73.9642558116952,99.5921785603956,23.7060356838399,2
"247",9.86691333603664,11.5167777664739,16.2440313369801,91.417669651688,95.2440856363506,24.1621141285878,2
"248",13.3825156910995,18.1337222438833,21.8427921953721,10.1871928057941,112.12474580498,19.3048544716064,2
"249",22.8699384793256,23.0439527741775,24.7410303021482,59.2275941407157,89.810314125536,15.1365717174106,2
"250",26.6415316514338,6.9855813223548,21.0860869785214,14.3223639735774,74.1062450224475,22.941707016827,2
"251",36.0358007132823,24.8519934776467,26.2508705340606,55.5921524685142,84.0542432404823,17.6209353422769,0
"252",35.1647664739296,8.9142389163892,21.618366812195,55.9937132478218,90.8611482429942,1.3831735832739,2
"253",13.6593440297146,23.7506741372847,16.1288559651563,23.0212306039869,78.9355042570911,17.0290598883956,2
"254",9.96525750371411,13.6698242582699,18.287190362507,55.1812014926648,6.481092335806,13.85840819407,2
"255",9.59331558408171,18.9298749197235,16.0812863173325,86.2963125049279,111.359518992067,19.3673036820792,2
"256",23.3499538043847,24.6577866591592,24.7174400461002,62.8865870906343,71.0305753357968,17.826190756013,1
"257",11.4462527121177,21.9236243930796,14.2174872825704,25.5970794324924,97.586484461518,21.5721378235171,2
"258",24.7383446395769,17.9166027043392,18.0464100972579,57.2787875037268,96.0166366645513,2.246982679869,2
"259",24.9833108941552,20.5819622029352,18.42752046063,59.8714772469102,85.3041925928159,3.5720829025501,2
"260",16.6450225326246,14.1959487553505,23.1070336442511,61.2633025745301,88.7687409274399,20.4004572340525,1
"261",13.4914419317843,25.568139075719,16.2794745844142,58.0817823278644,39.3249173693676,12.8216513014684,2
"262",26.7375353596975,25.2359003738914,16.9640871384861,46.1385467270745,84.6019495719774,1.046105812551,3
"263",25.8320196407343,9.86451616483892,20.0909763854347,23.7530844700233,89.4603613471727,22.293610076247,2
"264",33.1419259868822,29.3797128091385,14.9457384814321,33.5901544992066,13.650240532518,12.4402280500426,2
"265",18.9399461295406,16.9460760916569,26.4883613122147,56.3043957414822,80.8624030036412,15.4750423645972,0
"266",16.2348524162012,17.0173674808789,26.2723914177233,71.1824263474309,61.5935699732506,21.1245363730836,1
"267",27.9252428122469,27.1999536373579,25.8645698676647,69.4937546555081,92.9989375461976,15.3691099374014,1
"268",21.653255411304,13.2356305473631,15.6559860495802,10.9815818090436,102.933189092569,19.7145332433085,2
"269",7.26098501037808,16.2501129226367,16.4136253148962,51.2530379526157,77.2483798781904,4.1269352471621,2
"270",29.6329683927083,21.1474414474015,18.0935361666371,21.9613939073304,105.440505925244,14.3037534396095,1
"271",22.2921290849818,11.3114224135375,16.9092328730972,51.4950068150797,99.2791268812321,3.7688843392078,2
"272",21.0259105289562,25.7488595002371,3.54755898378194,45.9663402576989,76.5591714918915,8.52952218093272,1
"273",17.487547688739,25.4729709847115,16.0351985549917,62.3772461550664,30.119188863154,17.6489478888274,2
"274",20.5863689570747,15.288130026049,21.5980623305622,56.649919201413,86.2145473462033,1.8977620388659,2
"275",29.3208266310745,22.3884853209439,1.49588276278174,47.8239118766017,62.5428336635255,16.1968971866301,1
"276",15.0470477304837,24.5885315974311,24.0091151042169,61.0196081781759,76.3432135697822,14.9183193637937,1
"277",16.4337954663942,18.7482901435775,19.8214498946404,48.6289045681036,102.448391146887,2.6651612344205,2
"278",27.4305041979216,22.0563283336838,12.3119055126163,76.4171776638614,90.9425494766441,13.156931358647,2
"279",23.4891137162659,11.6963854970084,8.05162677062594,56.1231537002422,66.2631859802221,15.4875792320375,1
"280",21.9216208453855,17.6112465241401,20.2957277846163,58.1509110992599,86.7969530884389,3.5999545889187,2
"281",23.521054293407,14.0482106335465,3.15069505463469,57.2117548825955,73.6170655536585,12.3654376984156,1
"282",22.3257003046092,22.1687468438848,21.8781242893058,59.7509371878974,95.610579381297,19.2510745601534,0
"283",13.8301205068747,21.4160484199307,21.9108316480702,74.9365779850026,86.1968470055308,14.055202237337,1
"284",18.4856293560037,25.7360880350044,15.8446877427033,22.24587924465,84.9652061344395,16.6343250286957,2
"285",36.0940379946846,24.312294210229,24.647306728003,72.1169339064778,87.6955070207946,21.4363089098417,1
"286",12.5004215917367,19.1706721671582,22.3625805826667,50.8202196457048,94.4756104805436,22.5783491342431,1
"287",24.9989316970427,16.0178471240065,8.92738354829324,76.3898467547736,93.8378520335471,25.2626135151352,3
"288",18.2474887807509,13.4486216559052,21.4653479547178,54.4682267014009,84.4496701123078,15.5764542167183,1
"289",24.9406468280439,17.3122079479242,25.3131117849227,63.492613557316,82.3832928380707,16.4694466000345,1
"290",23.5163803605835,24.1882483340143,16.16862740964,21.1080100331718,115.946725769377,17.5204766332235,2
"291",15.7649651347251,16.4070585678335,6.77135692409937,56.4636835696259,72.7874257071329,13.1093895114329,1
"292",17.4966151003372,20.0906743686289,16.2204621237923,74.8611867341968,113.961357340382,21.4325043833495,3
"293",23.9687394209231,21.7661948063815,16.7863511330092,22.9917689766141,76.7927908576357,18.2946002633907,2
"294",23.2154733897094,17.1428734247428,13.3824025307041,39.2158895403132,100.378900488513,14.7495417458399,2
"295",23.461019132881,14.2156793977873,24.931168872153,9.6419309142978,98.1120549402574,22.5049056467347,2
"296",23.9068093119429,16.6355290938115,12.8241714783265,70.3711488867062,81.6605119133246,25.738697559325,2
"297",14.6365974139966,14.4387669257714,13.014036033334,69.2060531095248,115.05282492232,19.2611208685511,2
"298",37.5275627803003,16.6777760015975,21.6924432763984,67.8780317229127,89.7184357653666,14.7835591253256,1
"299",31.2245726029439,25.154093246981,11.4502724109044,76.8980783575704,96.4378715078074,23.3149834721108,2
"300",34.6092193934185,26.9136011555754,18.8398932280936,56.1846982030765,98.4398613562394,2.5392328107494,2
"301",7.53587267266547,14.3680490415994,14.3832919084695,77.4458128266021,83.9940506821699,21.4381102433331,2
"302",29.8368741504415,25.4294029706389,25.9036575779993,62.7154192839272,79.3148718510796,21.9275000550921,1
"303",24.6347299602217,19.277560516657,14.5166536035818,86.7319855774273,77.2558533904189,22.2169732547513,2
"304",15.4105742267799,16.6415842110097,15.3710097320886,90.7207524815237,94.1980796793912,20.939905236382,2
"305",22.6195149612085,14.229323701738,17.9147633197393,62.2948645687837,38.0149531440992,16.3654998908664,2
"306",17.8302958362744,26.9843278027298,12.0277777366159,77.6236607475283,95.82893301362,15.9161196262779,2
"307",15.4139073376754,20.7423814535323,6.58533997271753,34.8104939494107,55.64244008305,15.0756409282432,1
"308",12.1890317917402,19.1544255995852,22.6524193755606,51.2669776426336,23.6608156242948,15.7190813519963,2
"309",22.4169172885648,19.1551490760603,13.9042421455146,74.8915745751187,110.643544948494,22.2147351489643,2
"310",34.9109476808392,16.3983463459144,16.7865201358117,53.153649990579,85.3794349032722,1.5512759895166,2
"311",24.9409424081258,23.5589058635545,12.3307995573776,74.451378375306,90.2935335742424,21.7801278709236,3
"312",22.6729094921297,21.2034268639706,14.7173685071856,14.746380117876,85.8903254513439,14.234663831619,2
"313",11.7432159126404,18.3661093781264,17.1323584498663,55.9452453883309,39.0902708886932,18.5978882757692,2
"314",32.9168417403119,18.0655625987778,18.2179415846218,62.6820174140476,83.370403810352,2.1597937655232,2
"315",24.4515330795261,28.6952204129535,23.2887334006873,63.6491759279576,75.1816939977226,18.1717087910767,1
"316",15.2605046926006,19.5839225258569,20.1279324395149,69.2577034854726,33.5747599111208,15.470317131594,2
"317",21.6531805896187,24.7700428176097,20.5987277512444,57.7271744853445,101.330627377408,3.8249414905201,2
"318",25.8351525823269,19.5167144605183,17.5601418531003,57.7308932663165,17.370956055248,15.3673666412142,2
"319",17.3048220258497,26.6030977136675,12.8862549700921,74.2859313436997,81.2065570000932,19.9384187216362,2
"320",15.7899391672523,10.951813057134,17.9410658413929,8.09912632243891,90.8432499020675,17.198740354497,2
"321",20.757190974383,26.3510868526867,26.4137592142029,51.0694810484726,82.1684526880074,17.0524361871508,1
"322",22.4024710670724,20.6918968859181,18.3883468705596,59.9082141810032,38.2822426757528,15.1813718343186,2
"323",32.5891496364563,21.9985580355723,17.5186362892189,28.3997435762943,107.680936198052,17.0296980317306,2
"324",36.0284544979678,25.7301439711207,17.3525992669184,59.4517410640665,118.517906934984,6.3876196515044,2
"325",19.1325051498262,15.7967898692892,25.1924487304511,62.0350881039773,95.4078454442402,16.7195166738503,1
"326",23.9334531756001,21.4382812362662,6.89074230847328,40.4442938544399,85.5295217366581,15.7000806589669,1
"327",13.3354237309448,22.1083105128924,7.58115106272078,62.0459958591134,96.2854012090695,9.02217996703158,1
"328",27.1516516363546,27.2600835377587,10.2572257345317,18.6164262204021,82.0310345067883,19.4537184415604,2
"329",27.6065212789114,12.2584063666075,22.0022537056374,56.5762773295124,93.6554170365964,23.1163179679165,0
"330",22.4574976754232,15.5344371560747,17.5284679230018,50.4546480389798,89.6079184585758,4.698957594965,2
"331",23.3180819850567,23.3227747845647,20.1720461566834,63.1371875632397,88.546101405467,3.2110443118064,2
"332",10.8666350641732,13.285312749305,19.3135287070777,21.2192200861227,86.1713453742277,18.4859949327994,2
"333",24.2244569389855,17.9605184942246,13.3859541388081,73.6474474243139,85.1050266082032,20.3929522677864,2
"334",18.6577018514849,24.2445483984481,17.0396285676134,50.4526250249779,14.0296835725664,15.174163687488,2
"335",21.5151468396228,17.2987922711701,23.2421353983343,9.08609258533651,82.6326300655048,21.1938023867798,2
"336",17.6089722103399,10.1290469676396,25.2120828711634,64.9553438191351,75.280903431701,18.5782339775721,1
"337",22.559900899707,15.9218152795581,12.9461866786274,62.6701150604986,88.2252677189002,1.219624559555,2
"338",17.9073005243922,15.0698051963119,16.9043875995296,86.3645610710983,86.9313651866731,23.1500548911839,2
"339",19.0931305339533,22.1815463337803,19.9798938212146,73.7298326390115,78.9434896481164,18.9518686768689,2
"340",27.5074702319292,21.4962370507467,13.6096075635018,61.700344913474,116.381362802727,28.3721894609248,2
"341",16.1696779587393,24.741727540128,25.4648956913249,65.3535776723402,75.4840370644918,16.5108658186969,1
"342",25.1255179041903,23.3934283697925,18.2754134934445,69.7284628399048,93.9142167490511,19.9833738456918,2
"343",18.9877988708235,19.9909537397685,18.3764378785354,26.4181924230624,104.59406076191,17.1872722465895,2
"344",19.2441620639497,28.5643102333214,3.64183321154091,60.3448197994984,81.8567199900684,11.7345444988292,1
"345",16.3694214444074,37.461371106149,15.354278934117,65.5089544192989,28.3172427598736,12.0852855793759,2
"346",29.1704752309381,17.7602191785893,24.6253782112304,54.0149071746394,95.8055352237564,16.0987604276305,0
"347",25.8119647535354,22.6867146380343,13.8560918526561,66.2371491047683,20.6994265046048,14.5958474263217,2
"348",27.6820625898221,13.9437295975416,20.4313069991485,19.7282939511861,85.3367228128134,14.9616446225944,2
"349",16.3525879674663,14.7408969041088,22.3614757022914,62.1728629296827,93.5427684352918,9.50181350920379,0
"350",20.3706199601144,20.1764760053506,11.7290676534848,6.9230612651961,97.0778986791628,16.8105130919144,2
"351",32.6042583700318,11.8306640194577,14.2498982020642,87.9023150142764,84.7661635433811,24.2995751756459,2
"352",30.0671235886053,21.0800188278208,18.832916481072,29.1322252904103,59.4614984276722,14.1685921606444,2
"353",25.7228996662853,21.1009456985259,7.45879721200365,71.5860420084442,54.8932658917815,8.87222915174914,1
"354",24.1930828021868,24.0265731145545,19.0836518469028,56.5447293670964,34.5133784610304,13.9585553245464,2
"355",31.7924778762656,21.2092634678606,23.8152441313605,61.5504591422212,101.484162762096,19.3156263396626,0
"356",24.3819231371728,17.6054260328892,24.9137269224408,68.1626982801338,80.5362140745494,15.4335658795115,0
"357",23.0798361416086,27.327095991465,13.7585654875414,82.6663970221422,77.0796468109172,23.9120531989565,2
"358",20.8483747203029,18.6376382722743,21.5200589396447,72.1207615163136,83.2581655388093,0.633220803857899,2
"359",23.3615848730563,21.1094141187176,13.6861777215576,65.4495142197219,99.823661181487,21.2484181011871,2
"360",9.47333776833316,18.6943369773745,26.6418154048709,67.9683556938923,74.7380240435545,18.8924465382365,1
"361",25.877322241645,20.4083882131601,26.4773135996886,68.3808941438191,92.4229940264687,17.3727587404718,0
"362",10.7388066024263,21.8974997288788,14.8461397282027,69.1254269490763,94.9973491169429,17.987042897012,2
"363",26.3247410004576,36.8590768219814,19.3487767402073,57.059935494245,80.6793421307251,1.4236130277191,2
"364",16.2665882980363,23.2354330849003,15.9117604616515,57.0464971946434,90.2941035304381,5.1559281624142,2
"365",28.0572106432624,19.611847767743,13.9530132618238,23.4438095424,100.004343680496,16.3873275103878,3
"366",21.9770032752184,15.0281272709653,24.9669373928452,65.3006185881345,72.5102617955754,17.4465369706544,2
"367",24.1974716975904,17.6394168427443,26.1664575705726,63.3244918688858,79.6471534197862,17.1801108781794,1
"368",8.04448812319187,18.937933032125,25.2651051628167,52.446739113183,84.283221725046,16.7009720577149,2
"369",21.0885533934818,14.097974428295,12.223941683991,23.440837271514,76.7306465272694,19.3245448197072,2
"370",8.01600635843998,16.3739075512912,16.7594475056613,58.0672630633968,28.4893280283136,15.7153644181332,2
"371",17.0941217857466,17.9888409316238,20.2965059089134,54.0484238294983,86.5188543501581,3.2304052675479,2
"372",15.2454342549141,24.2218043429028,17.5146055378909,69.381941571325,44.5393717358296,18.149418199885,2
"373",10.9332770232815,16.5013083183583,18.2747989437226,44.5954940256751,78.9068965560493,4.0856765251795,2
"374",31.4834608190184,19.4370937013168,19.3918994279249,57.9037118255318,94.4857049682221,5.9853566401016,2
"375",26.5061558024112,16.6166217948098,20.3713643961202,44.4469747579378,85.4006621174983,3.8442915599078,1
"376",31.949797416721,16.6641241938479,2.3041425542509,47.8264067621906,62.0144460950234,13.0667375131594,1
"377",14.1129841855912,18.5478455305072,18.350602425401,37.74626861583,92.2126667815277,18.0815651836938,2
"378",22.7446293456698,24.7135127486336,17.8809287936669,45.7055138719181,7.252143755178,13.0942657003913,2
"379",18.5455235186384,30.3405182280494,25.3163914659648,61.2548643362432,77.6812547591111,15.3766347057783,1
"380",13.8070836584607,7.4845926483754,20.725416139612,50.4271973247302,27.5527356224204,14.2572821747815,2
"381",21.2344653585824,8.8970369133084,19.8419855743775,58.5388920414048,32.5210785991088,13.8288388056679,2
"382",23.1796775319294,18.3466005386977,16.6938272573089,57.9959453500487,89.8420234159102,0.320506335342298,2
"383",23.0425420300251,24.7281752328246,22.6957581024794,21.734585434698,84.0136804624959,20.961944406937,2
"384",27.671327650051,14.398597509397,5.66624077403365,70.2183659516551,64.2210832008398,15.991339984505,1
"385",23.9164679883819,24.0474176017197,14.0315269588718,60.2744388480416,78.8434327999898,3.7328045710761,2
"386",27.3001264499207,30.433474229677,20.0546185653063,53.5248088023144,20.9282888775508,14.9045448887388,2
"387",16.8666890498406,21.1734965173589,18.2548465661335,52.2040435820293,45.0665915070366,13.7896272012769,2
"388",23.1965877395584,13.1516820647754,16.9220448331023,47.0685414891933,33.6573403940008,14.596639915275,2
"389",15.527989731124,31.3456790796245,24.4633251914381,61.9560233316185,95.2855067842624,20.6651642975942,1
"390",32.7360527440475,21.0901333993454,11.6121016720728,76.1113376254647,84.5879563709446,20.7094293897207,2
"391",24.0625026269955,10.9205994784843,12.0804156473379,72.7640395076584,89.5169475916008,19.3015105109195,2
"392",26.0133667987589,16.1070172294627,23.5519691938567,61.8406378653255,73.4134075660148,19.0096813958295,1
"393",25.8822319802764,17.3017124401306,14.7009900457275,88.2333589548736,102.410545650691,21.2961311465675,2
"394",21.9867832291601,32.3120727048521,14.5667458584035,11.7636813786138,78.7446316703424,13.9852681532836,2
"395",23.7286015849988,16.7074531199354,16.5541219343847,58.884279982277,19.8048062872496,16.751557260411,2
"396",27.6136574403154,15.7320033658651,11.468744569092,85.6325797648825,92.6858741387029,27.2064055308986,2
"397",18.4779499204664,29.4026189427509,10.399988186489,75.0563547806863,110.870499543583,16.780910054365,2
"398",22.5189618375051,21.5568840256211,7.17711762897877,45.6552240956684,68.7785521996414,8.56320911417847,1
"399",23.4320358798197,15.0422933597732,6.04677695317742,55.5908581798229,81.5299163064302,15.0660918515834,1
"400",23.9615406413107,25.8328652231963,17.2915238362289,83.5909872099979,98.9622553232895,20.4372557686357,3
"401",18.3741699366847,25.3231175318103,0,56.3264693175023,75.9025586170779,15.9945608452727,1
"402",24.1576407199376,19.9500319078512,6.21108026311425,64.2457780342503,88.7554722136301,17.7984749727225,3
"403",17.1747114008371,26.7425159047967,22.0730927838299,61.7380495368564,76.4918578617311,13.4755027269675,1
"404",14.5108338900518,20.532183503567,4.08218264077162,47.482935604045,90.1362291529096,21.0175669190321,1
"405",11.8960242571614,19.1264412697306,13.112978456198,75.2421309748347,113.239300854957,23.625864671501,3
"406",22.4330476931495,13.2283462001252,24.2190572402936,65.3037066986858,75.5047975264911,11.2673565836692,1
"407",14.4670166320469,17.6806619002645,16.5356502765313,50.6487464947897,19.9836753109124,15.5652006740504,2
"408",31.6934342142602,15.7020491078182,22.2769906742262,30.2467696342122,75.9043541916399,18.147616741947,2
"409",26.35233459647,15.6694829323709,24.660045514227,62.9338130483741,82.0157050774623,17.8599137235143,0
"410",22.3053524943422,20.4350488481066,25.1443619074994,58.6591151050508,88.6113825265981,20.3166158970673,1
"411",18.6813065431378,21.8041367989836,13.0169804594942,66.0507863729139,83.437535847918,17.5154007215615,2
"412",38.1495937952736,27.8872415162339,4.99618589835283,63.9667187816754,68.414043153977,13.5713445420025,1
"413",29.1381921438918,24.0280702005175,27.999752365524,59.3109766851611,64.5720315030804,19.3303215546555,1
"414",21.8814911283923,26.1231942059545,5.69059824379851,56.0118348472687,57.6230160020569,11.8242702817549,1
"415",27.974311826627,21.6861358984937,24.9938744588801,69.5397666685942,89.6489860111206,17.5753420751846,1
"416",23.8899463131544,14.5158558410062,4.16751483730086,56.1839177247943,79.247459406959,13.7048925204939,1
"417",30.8493195105114,16.9530180909064,16.3425029593746,52.6946377214884,92.0987660954546,2.9276234820342,2
"418",18.6088189196408,24.931542269813,16.3966148741437,61.8736929739841,31.1325902136952,17.0928723840383,2
"419",26.9254983970466,13.7849319092871,18.4497023683741,56.8790161904315,31.438346088308,13.2882717862853,2
"420",17.1504161491559,12.8127400673407,5.33373649159256,41.5290130490443,70.4732857478802,10.9313283668239,1
"421",26.2310373380562,26.8342837935756,27.4370388717139,64.5216624519433,86.5609831072213,12.5214606667409,1
"422",22.085593710515,9.4492098493341,3.44829906639928,59.0862807289641,64.3731072173996,15.5433155845422,1
"423",8.14079374454656,25.0943308652047,5.82061919083718,50.7670743161827,92.16956743974,15.6298636547473,0
"424",6.11661392778611,16.8832087054349,1.91088155872705,46.8114635796546,58.94071585939,17.5113916360232,1
"425",24.6598973878364,23.0535266646901,11.8618716623171,86.5730472530101,97.8700621180522,17.0835838592206,2
"426",27.1523102454913,28.0764198194261,17.1232502466164,48.6115431527902,39.0174141242844,18.0498320734156,2
"427",19.6826636154982,12.2004838142756,17.2593723421749,23.873056006014,86.0112947892869,17.9444095721944,2
"428",8.4063407737902,16.8199925288573,12.7317261925837,69.6242505716895,72.848336173692,20.1046566050646,2
"429",10.3754504943705,22.9765423762254,18.7308016412481,48.0306177182842,102.259294040608,4.995244860774,3
"430",15.740126463503,15.9547960158208,19.3910044855966,58.9395180876031,86.1084899947117,0.685526257841499,2
"431",20.7260070309292,22.9555351264636,8.41309253891492,59.4569839741202,86.3981784371417,8.00793989331336,1
"432",16.041238755484,18.4735972637819,19.4134981526082,65.0415201262657,20.643814705364,14.0540422749523,2
"433",30.5963491589696,14.7671957862659,28.1032168316687,66.1444180308205,78.5315288508782,11.8854999336987,1
"434",18.7186144074316,8.7891148639506,7.70005798110226,62.2123115840191,75.5354580912754,11.5610252976484,1
"435",14.2739278801181,24.0668542232396,12.2983893784953,84.6683134379269,87.7952805906482,20.273092879217,2
"436",14.1568833993419,22.1697158570266,14.4625271737218,17.7895408248669,110.726672610871,15.7760137647262,2
"437",20.4836113796168,18.7601356690817,21.8209631362825,52.5393767848481,69.6136450342182,2.4045580024881,1
"438",16.0503678028031,15.9740922510529,18.8419792557906,29.5458490350192,87.8846603095277,16.7069445140414,2
"439",17.8553303166184,23.3971738967588,15.5553338548232,19.4794803496434,71.8860277667717,18.2085773468147,2
"440",23.4319628671738,29.6936096980593,15.0935806430336,76.6619703110253,118.368759785015,17.297262058671,2
"441",16.7463474191681,18.0877156604846,2.49112494919557,65.5917670573346,58.5618791977523,16.5236209699151,1
"442",18.4002888105527,26.062175646645,9.17023131400085,80.9320556242392,83.0416950786624,22.0888677273028,3
"443",15.0615578344997,14.2911778809408,17.1510707498192,2.6568055862997,74.6987211326636,20.8203358418646,2
"444",21.8320523233154,22.3054743590155,19.150065532016,21.0148134774381,95.4683311270798,14.6590232456929,1
"445",23.4854429715844,11.1760351874516,14.7039548988122,57.9379192141415,101.932821618038,7.24109753861786,2
"446",22.4795792459058,24.5896108197023,23.4791862179366,61.8688057855628,83.0760282740548,24.4686005376869,1
"447",33.5062279027706,25.7716977298317,4.65714475320378,65.2689543193572,77.5925628710769,10.0141767798413,2
"448",18.5390402338579,16.3137648347179,20.5297982382839,50.3561496931192,96.7239048775254,4.1314721070485,2
"449",24.6406132306697,13.3502506756331,17.7485744631372,24.9822227070942,103.248152433175,15.8450902351772,2
"450",29.4699396544597,9.1376425992642,6.64517637938638,54.1162098447826,63.8968237797202,16.737975575424,1
"451",33.7092108578175,18.570779651177,27.9378305231551,65.7079695088653,82.6705112745186,13.4068728073335,1
"452",14.4479703264774,27.8800128873742,21.757891640571,60.8372065943487,70.4307148091402,21.8429795249379,1
"453",9.55007283017255,11.4070378858367,22.2660999837416,58.6876567223677,34.5349786526088,13.0634286459968,2
"454",21.550272320504,15.086147356397,22.4942206041106,57.6920186101252,104.278016935876,19.322916091921,1
"455",22.5043337776008,23.1126770428555,22.0272796030702,73.1099892752565,89.0641039260872,21.0187696310963,1
"456",19.9321316767678,32.3599512470383,15.1901999076492,83.3026887103963,95.6462373128158,26.5773153191324,3
"457",32.3841081243816,20.3091489154198,25.6684842383283,55.5592689970881,102.241780264403,17.9050914638348,1
"458",11.7492664473017,18.0497393716443,15.7517586838019,38.9755106081687,96.7971662540341,20.4097346204789,1
"459",28.2730877064372,24.6271617534877,20.6487170689914,67.8133697110366,69.7215482792437,19.365500588951,1
"460",35.9699507145747,21.7848019554977,15.9719387019514,64.7199560518518,99.0181583089928,17.6041191320892,2
"461",27.821951304118,25.0743801456618,14.7324232526153,66.2427492886081,88.712235039304,18.5657842506553,2
"462",30.3238136515832,12.8150181799552,25.1705668217829,65.2840120703393,77.7366401233979,14.415270376814,0
"463",24.038787494256,22.1395118617311,11.524505853294,46.501087055983,74.4258669103722,12.1019738510563,0
"464",25.0976831869756,10.7812660291759,15.162597192033,51.2766292450386,29.8342972530364,14.5697800038849,2
"465",25.210489297823,33.6517165486609,25.3350416799707,60.3951909599039,65.8076231895188,18.0427931979907,1
"466",18.8781964608323,10.9964055243477,14.4147446747777,12.0426536172855,94.4884247623389,18.0280342809259,3
"467",29.659392570779,21.8320814184678,8.16990965189155,50.5547524884314,74.8454473961894,11.8225306426594,1
"468",10.1111590623372,21.1039064624959,13.2068033568043,76.7579733876788,100.079758745395,17.4787362916871,2
"469",20.522783134477,16.9733543224879,5.71907708975479,56.7972350555116,66.6526249887744,18.5885017810232,1
"470",22.4443319422709,27.115164869168,21.9719462869859,67.9159824359824,74.0570327251071,29.2469518302938,1
"471",26.0871435317267,23.6520260139748,9.85578709422956,65.613576867949,28.1831779702512,12.9184865075802,2
"472",22.0432431869674,19.1745841608929,17.8256804513273,49.9968789430054,25.7567825844076,14.5797700600013,2
"473",18.0038947145563,17.4586106208972,18.1833277353249,56.6774175052264,29.8917658124844,16.3933370958055,2
"474",21.732632016009,19.9693540545668,10.516978124171,77.0246772079988,77.3810889240385,17.0674184722469,2
"475",12.1927091209939,25.3842594734799,4.93496921210542,46.8303003903208,77.8419396561353,14.4151762543756,1
"476",26.5473381653919,30.4961414325847,16.3049940703376,50.8578607687265,83.7233970285207,0.9874253417074,2
"477",27.5402536699984,27.2700374896788,25.9022701113754,59.4964493840811,82.8657527831446,12.9450742472781,1
"478",19.7401631334087,12.6487674862447,0.663271577563261,63.9987356279989,42.5620465348628,16.2284792235776,1
"479",17.7576292987638,29.55180325789,10.117003690624,57.1078254144833,60.1473027063736,11.450921634228,1
"480",25.360828367256,28.6336812622674,18.3145467733019,61.1995065886315,33.7749847946264,14.1496419093183,2
"481",26.1676358704193,20.3063841767883,17.9636078948545,28.5027690605946,81.9004448980234,19.5766503817512,2
"482",18.3004596432397,11.6941506094629,17.6191525301687,55.9074603372276,52.9638492604735,18.1694779618549,2
"483",27.5714414029751,32.1252265317038,5.31877947660475,60.667417769471,67.9126895201456,14.8923330503971,1
"484",17.8737433659916,12.9824012769563,5.95698605698342,57.7975385869991,56.7076478709366,9.29015728493136,1
"485",34.4868870757335,20.330934128161,18.3080944345892,69.9706157882827,103.489090924449,23.2669723910138,2
"486",24.6984667740917,24.8434298419437,14.0620397659171,19.3004277549795,86.0384611362951,18.2004156967225,2
"487",13.1204546636506,14.9641853708166,14.9885712153075,71.759008243263,95.4007004103575,19.4676905192855,2
"488",15.8337528405399,25.8573342732356,10.8206392351633,74.1592116808422,114.927177305514,20.2785353114039,3
"489",29.8758119480104,8.0945217722109,26.1185466968766,68.7867065855988,79.6563171945634,17.6824328499462,1
"490",18.605446373426,23.0780823431938,22.291478301067,65.24360375666,75.7662651799715,12.7801720534091,1
"491",21.1665429538151,21.7166309691812,3.27667420476078,49.9541430140494,79.2924093635022,12.5645716769555,1
"492",29.4859456747805,19.7557766644582,18.792419823109,27.52071254451,91.5592800810332,22.9297539056769,2
"493",25.0151890589313,24.4669104339886,17.2221124093614,47.6786491525045,29.647304830682,13.6607755931533,2
"494",19.8284301133593,19.7242989100043,10.6166856097155,66.4108388266799,88.8354432635154,17.520191079409,2
"495",20.9377588768222,9.4225935323953,29.6514514659694,69.0250352968832,90.0885627416762,15.1276751616201,1
"496",23.9502006724945,23.930860118478,25.9028596250928,59.4716134234806,83.5077585441151,13.244342115305,1
"497",27.9264299225761,25.1922672732384,1.67240771649571,59.3962280949534,90.9847839227965,14.5990140610807,1
"498",11.3261748867846,18.5654216179218,9.15085089364093,56.6596980933128,79.579504856378,12.342036674398,0
"499",25.8778928767313,19.2689420595901,8.38463000787812,46.8141523426328,84.3810263328708,13.6538738204898,1
"500",27.4144783550401,17.5435674426096,14.4133858403637,72.1035968638025,40.156373822804,14.0905232547211,2
"501",16.8331717116589,17.8098817282852,16.7418896568854,76.4967311658687,107.58209528869,24.2338551232978,2
"502",23.5006214347761,19.2993461612526,16.9860900911471,24.4448707122327,87.047644772893,21.0924701407011,2
"503",20.8173716373702,19.4212608601112,13.462730276047,19.1646832078884,89.9096437768983,20.4182187331695,3
"504",12.4209697587856,14.0849838350789,21.047230245378,54.9152322713297,97.7735631050643,3.6638933250122,2
"505",28.8572357071869,8.2815009138581,16.0420314587904,15.1536442861707,68.5633044803793,20.4041521561844,2
"506",19.0992384068191,27.4232823162895,11.8352193907754,39.0861636953204,72.2461541337706,15.5898877935172,2
"507",14.9911042916617,9.0546590309798,17.1939615343277,55.2218885655029,89.6094746148599,2.0510501061993,2
"508",33.0642759597588,13.3493684720063,12.4681363679784,88.4782510818497,93.3173907439743,18.603956701932,2
"509",29.0265708299466,11.182275864973,20.2920384566619,29.0692991163492,91.0565058232237,23.5513763964831,2
"510",16.0572564168875,26.7556131843948,13.2291575653988,10.707197465478,113.829246047529,18.9761075102849,2
"511",9.39666035380325,19.3169573014335,16.7124043586652,104.038069975561,93.402381585276,20.4600043733257,2
"512",19.4959979265292,21.6815428230777,7.54079818144815,36.7406864779177,93.9918978658843,14.5319898730681,1
"513",10.9004928261689,16.4524585788139,19.0397610465641,20.8336670088741,97.8615056905302,15.5675988307105,2
"514",18.8544456547405,24.5475330711587,24.3643069013314,74.1536519698169,82.021016733881,13.0167629324833,1
"515",11.6130555143757,9.2031027484218,19.4273683340863,46.8404748688524,6.1754535983416,13.2366446192105,3
"516",11.477706380101,14.5016799842058,25.4520586909905,64.7250855208163,87.3863226468399,24.1176940787799,1
"517",20.859923997094,25.9878596803486,11.9973223364213,84.115828570297,101.348217076885,21.1464661592424,3
"518",25.8757388532395,18.0933642709344,23.5605884680323,61.505573954904,75.3482048911811,18.8874299095921,1
"519",23.2302181920371,22.7015586642497,15.9383715145748,49.1534722876477,93.5835394258031,4.6158518543231,2
"520",33.2575600552802,20.7528018338744,12.3349274518404,98.062425502935,83.0662315581297,19.8156201629888,2
"521",24.3015531039305,16.2486697563449,25.1713019396266,65.9456259805253,81.3527686513468,15.9939365774471,1
"522",30.2408592932633,24.7233241355607,20.9185121019747,55.415490805882,40.9804775816856,12.9148527298252,2
"523",15.6202188642889,16.6777867033642,4.14021895560782,46.8579984309488,66.7877204875684,15.5064801689885,1
"524",13.9978286961965,20.0839625426223,21.0439632272526,34.6650330662115,102.905773131498,23.3118349672822,2
"525",22.4397540752372,27.702705511986,18.7656243427191,55.7499229216688,25.1792445224284,13.6198465117682,2
"526",21.8279156526179,21.6843785142865,14.5787917243571,76.2966831574071,106.129793348077,23.7690013087207,2
"527",22.3115075571473,13.6863486311637,17.7751007071714,68.0879832678986,23.3198867866548,14.8038839902953,2
"528",30.9477933965988,19.5893297641691,15.8755049414912,79.0891432737093,99.7936852550066,22.2843032044285,2
"529",30.1355051609973,18.0797707317801,20.9253872653962,47.7550456845378,33.5057666140492,16.92700813421,2
"530",17.8748925168508,18.0779655893983,20.6966240185797,56.5888181298249,86.8297807483261,15.0231627997049,1
"531",20.0863405636741,15.6481384840589,25.050157267991,59.81596547881,86.8275373742079,16.7694587029108,1
"532",25.8446760166712,22.5403635736671,19.0711039578507,68.2043937340452,75.8731664331682,2.1686344112298,2
"533",17.322960629462,25.9649744734963,25.6715055859016,72.5977139008524,98.7480974146046,10.8816520511768,1
"534",17.4154332123059,22.6758535301622,24.4552217707181,57.7130531924825,72.5207876390261,12.2679986798803,1
"535",13.283336427142,19.9637967304827,16.7114689709801,51.4129591380056,100.525596646519,3.5461369836187,2
"536",18.4276574625082,16.2235068274434,18.1924368467373,62.8901245943867,96.7892620492742,5.3477765223869,2
"537",27.9656940354893,11.1274945683782,17.1310560340352,29.8583187198249,91.5718441342562,17.9730285080518,2
"538",26.6683551830673,22.9173875245829,12.2559600045039,72.3484307842157,101.550761604535,22.8656781499903,3
"539",32.0506790444039,19.3726220765446,14.424435230794,54.2154882594244,38.0364554511412,17.0392209249015,2
"540",23.073784762983,23.287577946085,5.0684527513252,35.7096482534118,92.6173113286417,11.8711930078928,1
"541",23.8703052192638,19.5788599742786,13.6102990337091,20.9656066326777,84.8387387516219,21.7988933258811,2
"542",17.5424977659958,25.6731156872416,24.7201811690697,60.2702448534302,91.0959724401854,12.576738104961,1
"543",16.7741695010047,23.2762115395213,13.5140293275974,84.1621159478265,103.791487281739,20.0846767835316,2
"544",15.7944950712291,23.5621265594807,20.8575238884029,57.6946268487074,109.351341669559,2.9091686916029,2
"545",19.5595512429697,23.4694990724373,15.4810077192506,86.7897281196125,107.297921960331,19.5437582041595,2
"546",18.7898623798815,22.3732755243162,16.8885862257696,19.1144804497011,80.849941335395,14.5758007136319,2
"547",26.7191488653079,14.6778296038083,17.0140223153713,50.5287553836678,87.7756671183158,2.989536304978,2
"548",12.269086402894,14.9846808765989,25.1807440520705,67.4173218557148,79.1888467941135,16.9337181656804,0
"549",14.3144412606092,17.7106762069152,6.8527990040837,36.3391267170967,63.1617888409521,10.075024466967,1
"550",24.6013031170932,9.3136993946799,17.5411521986689,25.8722796126438,85.9681094983263,23.5443352396944,2
"551",17.5454291378599,15.3704006865992,16.3363090036473,77.9792474131962,90.948868172092,25.1749253390175,2
"552",10.4949391032773,26.6540536231826,17.9912135668374,24.517268997672,79.9169895617528,20.536566453366,2
"553",33.1232565783088,17.4782784886897,14.2862637626519,16.2501513438723,86.5071933052853,20.9180172341229,2
"554",34.7727224310147,13.7408708993652,13.3853552477385,52.8164336709467,95.6613880746768,4.1861446494307,2
"555",14.5697464515822,17.0218892994106,16.6455666919551,12.7666504573548,96.5253521428809,17.060550777815,2
"556",20.4597777813352,22.184814792062,19.7471292190496,60.0155898525761,32.920653548016,17.6875023888171,2
"557",23.5395256618774,20.4528031098055,16.5009718151711,55.7446293364877,31.5526687590724,12.6593338848084,2
"558",21.3229584923555,23.4017066072335,6.17347436466744,57.4059841788003,70.3054504519668,16.0166593382984,1
"559",14.5456835383324,27.562508288019,13.4654535643096,59.0865621011007,4.9398883612844,14.7076363916988,2
"560",14.8271895749101,28.8309564779602,19.9823907089171,45.210408060983,48.158072634205,14.9543013191289,2
"561",14.6725564738291,28.0664988574618,19.5466771946273,57.3898513186625,73.7749951602145,2.795019337631,2
"562",21.2831354980506,18.6520088060217,13.4788903323925,76.4812570445035,86.5415449566058,19.6734562172703,2
"563",22.335131771188,15.9978178604551,15.1952451256216,55.8212736185706,91.467775488777,5.8924860653712,2
"564",24.1812583693342,16.9798032100339,5.77047470199554,47.7345628726799,65.292509844547,13.2046532884368,1
"565",17.3270228695976,26.8877044097924,20.0128675663411,57.5959650314941,33.390948395158,14.5278755447952,2
"566",15.2567479309939,29.6260325268588,28.366404609459,69.0515422315758,94.8156060595688,12.1060726525551,1
"567",18.8142740119133,16.0176412230808,15.5307227636517,47.2452671580928,27.6488936650116,14.5402364922548,2
"568",24.2065735286315,20.4538743033823,17.1547249536452,66.1254016976747,35.9165397168504,14.2122407370459,2
"569",22.125456681573,13.999314637677,24.3772732897874,67.5733273607447,78.3978135330224,12.0941473113002,0
"570",27.245206230337,7.0003382840918,17.4097084250013,65.5242974719376,78.2871843615881,3.5003481549686,2
"571",6.51555386615147,21.2940328420999,15.96323815053,53.9974083576029,13.7987981450128,18.7631089083464,2
"572",14.1922719505904,15.0759393337251,9.50791130867921,77.1854670621771,94.7719385969814,18.7048091173233,3
"573",24.158462589958,14.5544311180399,15.6294700560807,17.0180236851222,79.6036885490128,14.9093264413407,2
"574",21.8490086612508,30.5803840462973,10.5851583481222,74.4916683651416,67.5323030543955,17.4504548251611,2
"575",22.6878379504389,16.7939935172836,14.4318816623795,92.9132756784932,91.7093057684828,20.460511850347,2
"576",16.1327859869396,15.7761588949936,7.99823556261934,61.7325528891222,74.3000407969738,16.8605562774346,1
"577",11.2059109133951,16.0792290316223,25.784099035318,19.9484756870784,93.2954389479818,15.8382815355654,2
"578",18.989715659933,26.4034050658839,18.7877276214079,14.9222144673177,97.9406903883962,21.1397157570755,3
"579",20.7272673493116,17.1578864309695,14.9162250346218,52.9405651351037,46.2338401681784,16.2085396385052,2
"580",10.8218462769287,18.2201463750411,16.9380440681506,75.5620930553578,86.1785083022522,19.5448391232858,2
"581",23.5110734788029,16.6343911868254,14.4796434134867,51.6744256507723,85.7577317134084,3.4634463270656,2
"582",13.1613658025742,17.5964524604037,15.5487155622756,53.1332940087293,77.6928529629832,1.9154541917601,2
"583",20.6788333247904,27.8577751935456,16.9198629075502,54.9097401838568,89.2981055480298,3.5129191137011,2
"584",24.6229579466833,20.0247666809791,18.6304179247657,59.3367036959074,42.746285081134,17.0371636240458,2
"585",20.9645288384039,11.6190046470468,22.086543226698,66.1315159195448,89.3420728364424,15.5221084372422,0
"586",19.6453795192379,17.96208012332,17.7302528913078,53.6227968085337,39.5117255333924,15.5642398939707,2
"587",18.6590008365978,18.3908741092462,7.07793391949073,51.32784127595,109.622929157709,13.4651774814405,1
"588",11.2495704359635,12.8300505892502,22.3616106601622,26.8865550628596,82.1595584749172,16.3024576544231,2
"589",13.5716785969795,27.6213541264768,30.2050876493055,55.8011138209064,87.3815606954933,13.9694060693303,1
"590",19.3048074160711,25.9805040678549,16.3554597822401,53.6280077459388,2.0871466572392,13.4410773366782,2
"591",14.0858719067063,20.3129394093406,18.0410012247753,58.4303319720461,21.5089512787084,17.8480669513731,2
"592",31.5597734995624,18.2307507403468,20.7874612611872,67.798250718061,85.749200129961,11.4231010065358,1
"593",16.1828601968978,18.1307592465262,2.95515597516661,56.4664670887267,82.3458509464731,17.9784829538096,1
"594",26.695627811003,20.8723580185387,12.4174185202793,26.498594516283,84.3967447708709,18.8239677721421,2
"595",26.4517544104907,17.9562189695684,23.6792267206469,66.165338715858,87.7881489402763,16.2901646999177,0
"596",7.12107995931596,17.3582571092555,3.25266660794269,58.6213780085112,79.6532238115056,11.1077528081151,1
"597",15.879566561855,29.4667503570769,2.51587202559223,63.9099770426933,64.431326465487,5.8247876307229,1
"598",16.3578273440857,21.3797198440047,15.9545708850652,45.898872805535,34.14261245656,14.878557248625,2
"599",21.416160893271,14.0812900303389,16.1441528644891,65.6335843093885,81.1935933056616,3.2109980841509,2
"600",24.6289317286689,21.2820900333936,12.2232760836248,47.6903980227828,93.9790606494201,5.6402319667231,2
"601",23.0929293091238,24.4048747981818,18.6346831408902,85.3811540679196,105.048921582135,20.9659411552607,2
"602",22.9115316415867,19.9771290367922,16.3987398037802,56.9764012042105,22.754236998858,15.0503517837076,2
"603",23.1766159180709,14.524937202436,16.4644075475081,52.5355237351066,93.2237649651868,3.5079503547223,2
"604",16.753374122342,16.5065044101819,19.5698117665864,23.7420006241254,98.9539832108042,21.3065406342395,1
"605",35.7678994781283,21.1748753661021,19.0766934332351,32.5443981393159,99.2106562923112,14.7846378505487,2
"606",28.339157284464,20.3478784343147,10.2133730730735,90.052682101725,84.8867811101864,21.3223964138065,3
"607",19.7434040195193,10.360526219604,11.8249424883979,79.5741997361989,79.19690320351,21.1091923155609,2
"608",2.2254586986027,19.8795652961639,17.6842792564977,45.4170736402887,37.8852182789804,15.1313690634219,2
"609",35.1333476129454,4.8182165100833,14.8756183340918,80.6559986729087,100.006456818412,23.7508931725156,2
"610",13.452748068126,28.5376778224529,10.4576603269732,69.5862345592197,98.2175791859661,20.5845605729267,3
"611",29.2309705862495,8.2928814211107,26.4880236823654,77.9107988982164,88.264131109053,23.3617730818076,1
"612",8.82263109326834,9.4567353970551,17.7748630609778,86.4615001786452,101.129970494484,21.1959721917797,2
"613",7.35900609399862,21.5673183143914,26.6618470976764,59.2386279732232,73.2134602451169,19.1921571155339,1
"614",25.3972427716862,22.2463748286519,9.4319857114809,37.6969863549394,61.4727289648215,10.8619153571572,1
"615",20.741648465773,15.6238896763215,16.3303972713438,47.7457374812987,96.4735739529956,3.4121825055804,2
"616",20.3120505090063,14.5463902504782,24.648556940523,58.7771670974838,67.9917109431112,24.2014682955684,1
"617",12.1193502886943,19.7438627921973,19.8707187886553,48.9102480414247,41.1401250060372,15.5386637585184,2
"618",28.3113709283453,20.6030069313782,14.8454948480455,27.1116430696281,90.6409434916372,20.3241095442497,2
"619",9.10799568566688,19.0957185258584,17.1290020721084,60.7043377105994,101.720968891197,3.5275327394078,2
"620",15.83257320454,22.0809021258772,21.0378614440503,58.9123146606199,86.032537310279,5.024314187912,2
"621",25.0604918223418,14.3376590615982,18.83109831751,63.7665035131539,86.5961897546607,3.3601148818702,2
"622",26.6331050225586,15.7242747425369,6.85181020191826,65.6749841866986,59.9737104132246,14.1891420206115,1
"623",15.4717708389068,8.9137818449771,16.5445053889566,82.235178708338,117.022622807329,19.6258644567285,3
"624",37.9399149080809,18.0788808864617,18.75614039453,9.8232447727962,86.7570408875025,16.1690045076399,2
"625",20.8907976353778,25.5934717472843,25.1145335551292,53.7348054926927,92.9167242098178,24.8007983881581,0
"626",21.3230046710355,13.5438636650142,3.37702307730304,57.5401346710158,88.2990137160771,11.9077882321789,1
"627",24.6197446508651,26.8335719482487,15.3892095116987,58.6156394296997,100.355550965511,0.342694185301298,2
"628",23.5015565534206,23.1574197573885,15.4760599553034,66.435455111687,111.563811580893,19.8488072248334,3
"629",26.0422218723124,20.6765699889,18.2053674745073,54.3220567735107,15.0759709038956,15.5975214682201,2
"630",33.2255661085132,18.4227632829181,14.7864727252951,23.6457220789269,100.383674738238,19.6314727179154,2
"631",17.5841624369579,29.9431543888851,19.7186890315413,60.3101961076007,22.1695322776804,14.5669024608923,2
"632",26.8948824178989,26.7406010634234,17.4559189142061,27.8890755261084,57.4966179219132,15.7236929539412,2
"633",20.0564196548453,26.7476109953427,6.71584423294939,48.3156208623536,67.8261641504286,13.0219810559847,1
"634",15.9859893013505,17.2101143498416,18.6016213241232,20.0491201634637,115.082746867981,15.2955447316089,2
"635",3.0758802658206,25.6158189698635,16.7283796015326,59.2919532301511,37.1427874996352,13.7550641855726,2
"636",19.0392032786989,23.4707880999597,24.1747029094744,61.7898575189434,88.9023937549491,17.9841883867314,1
"637",21.0111910651656,24.1584543092954,14.2952286620206,82.9299252500373,101.815900634796,27.6825633826748,2
"638",12.6960933353965,22.0052417144543,29.4325015537522,59.739571423905,77.2521732640346,24.5774644828571,1
"639",3.6707573382455,21.8960946108194,11.9043794616453,57.4829441883307,75.3585609333537,9.56428479796539,1
"640",17.9292749146901,28.1734763721428,19.1795445001678,60.1608274966969,93.376904732626,2.5718982146597,2
"641",25.219099107662,11.7648140519203,16.7504667833843,28.4102090503764,97.8116523175947,20.5900026449559,2
"642",26.705744226184,18.0142333165909,26.6612621325374,24.5754131639613,110.874085123713,17.625233641814,1
"643",22.1066804698934,24.7332868543642,19.7498769438784,58.449587032606,96.6850278461325,2.8467758791865,2
"644",19.5842426997364,19.8549958699717,18.4961289094765,44.7745854487884,29.4026782656108,16.7365332583137,2
"645",23.6123092866526,21.0258067609111,12.5561576896758,84.227701259824,104.561278531486,27.6288274586765,2
"646",14.808046297159,17.9316117615045,12.9999917466572,82.2957529437304,94.1736498125637,20.6436100400422,3
"647",13.65314060419,26.5844982139334,27.8656578517897,67.0316043699808,86.6300236114821,16.5146424804773,1
"648",10.7676892269725,16.40615703153,13.0348900413137,68.0612911338173,88.7684546401371,23.0428108673648,2
"649",27.6427629308631,22.9950997778165,28.2093887519609,60.3511361959722,92.6556954978197,16.3104779384927,0
"650",15.4866258057262,24.4685442115473,15.1894531459695,62.3245844294676,87.015456955532,4.292532948599,2
"651",7.47263785170444,24.1462522384705,4.52793539290468,53.8897070383098,71.2258988346503,12.7435606916679,1
"652",21.3418300770898,18.2271860633625,15.1970603640865,51.7527598070531,27.5673542663436,13.4129960786511,2
"653",0.8834999510256,18.6624147386369,25.4493275010604,72.2812103400532,82.4702863107932,22.2978393555414,1
"654",15.4387876916033,22.41488998121,4.58382756270583,53.3424201117236,70.9200935753893,12.5758392790168,1
"655",15.5607998813421,20.4706962416783,16.5426907523608,80.434872700919,101.048432432097,18.8891126482917,2
"656",27.9331565536238,31.8255471988041,13.819162628896,49.3239155125701,90.6005326255746,5.1090037366502,2
"657",19.0546929889106,20.7241302561186,6.18394318858297,56.1009984121575,75.7684550375552,7.57183092693126,1
"658",22.6414575173602,12.7305067505981,16.6463243583817,62.2004846480402,82.7694406344322,0.832395381210198,3
"659",22.2748097590842,31.3914695713652,18.5789094872789,55.7998604908237,27.0961751756224,15.4963132761732,2
"660",15.4100205137187,23.0521889043686,17.6990173651311,51.7697426478518,31.4849529055868,15.2449485391583,2
"661",20.5407705095628,12.797369671498,3.9660342174887,60.2788955415076,58.9861935550184,14.1016467788886,1
"662",28.9123492869473,16.442856387914,16.4579222414756,39.1575660249126,95.614590576476,15.6799090634051,2
"663",15.4101575385574,21.8118407463209,25.3759177916805,58.7641448235097,77.9755458264968,15.2594808323172,1
"664",16.5318594666474,18.4322767037181,16.5405192843975,103.879678650875,82.730993973146,22.2757142356529,2
"665",22.8701134407502,20.2085651776788,9.78588823244217,65.4890897287273,88.6000240742395,21.2425523505058,1
"666",26.1009840826713,17.692673300247,16.9438743064307,48.4304871208617,26.526267221632,17.4379287258056,2
"667",23.5074258693089,29.540468915486,24.1194121371866,59.5672890935351,91.5746400909514,22.4206390884045,1
"668",17.2405449690638,22.0995354547578,24.6686331032122,63.0017106775569,97.698929773971,15.5900485444665,1
"669",28.772855486602,15.5645457959441,19.303327278002,55.2999313358066,90.1345071120029,6.1912267032906,2
"670",20.699848831163,27.67064167688,18.3983367068172,50.5729071902601,13.355412267718,17.9336469120014,2
"671",18.4454357560849,26.254657753873,17.8594275061233,55.4581983415284,101.68102710126,1.9493814147563,2
"672",14.9893646420641,14.4197077889556,17.9377305509231,61.8653304715373,95.5765851416084,3.1478508191601,2
"673",24.1447419239128,23.3920955562048,20.8627129046288,86.8512150303181,114.091659886919,24.3970621202644,2
"674",22.5189984176718,31.391641735853,20.0318738680225,59.7283999431667,21.3893437043964,12.592103833645,2
"675",32.0864320990642,27.3091618642655,16.5378322083988,61.0978919380597,13.6718547317292,15.8355994004774,2
"676",21.0241632472575,11.2908136201827,25.3597444836627,64.7498566388566,83.8665348756098,21.641830964111,1
"677",19.607136104995,25.3410234973783,17.1277388480888,52.2906605066339,35.6353369150396,14.6889199643278,2
"678",12.0102140892691,29.7357267045603,22.261477004877,66.0354824725333,86.2116115747492,20.6901466910191,1
"679",27.1228229781918,8.8760984524446,13.8470293995771,56.7123136844283,93.5043767607342,5.3672192624281,2
"680",17.9711572129803,10.7977244990865,28.0852042006867,69.3497066316368,79.5605442056347,12.8823584910948,1
"681",14.8325951831916,21.3543972425019,8.25329778173681,58.6804339849627,79.8782622404589,13.080449057792,1
"682",20.0919612232096,22.6213639194371,15.4230915709877,9.5550663248883,87.9477650907937,19.457119451501,2
"683",35.6523724794896,19.8588032785879,10.640092236054,73.7436244642489,80.9966829355808,22.5065616364713,3
"684",33.5157649634548,20.3843439260811,17.5792110676261,88.9149813600562,92.6072526399345,20.048034844306,2
"685",15.5813584815721,18.7481493515359,14.0406803027617,67.9542979397235,21.2823392097348,13.6846720572269,2
"686",25.5866397901015,25.8633656692147,25.6555476017243,58.7544046925801,73.3580338295206,16.3957096812826,1
"687",17.0773667487366,33.5365236185206,18.1891498646266,38.9768743633589,82.1008409617156,4.1388894100447,2
"688",12.4255220791337,24.218063681682,15.8798008207751,27.784984989465,81.3571401582883,18.1889089275811,2
"689",21.6508538141346,6.6313757306659,17.6933086177333,92.0413862872132,100.473164515668,19.8284391832705,2
"690",7.33983977350588,9.1183177737646,17.9291718029305,10.6404217840122,99.212511304433,18.2711730800454,1
"691",30.497263819048,12.6634991890614,15.6975609384049,48.3008216641247,35.482376908818,14.4333346885575,2
"692",7.9616100263846,27.5492254558624,15.9503628867059,60.3729875241541,101.395066704362,5.2177840823034,2
"693",14.3526186685336,21.2375219890131,25.7080790177895,72.3948044997802,73.1894099498469,18.2253671029043,1
"694",20.0504471177444,18.4261006515384,17.8614134692967,59.4834518471354,26.7279553589952,10.8344319614237,2
"695",16.6272006977751,16.581963732413,4.42811338656161,54.211149397389,66.5490386626531,13.0941745414514,1
"696",16.7767826855141,7.487940889267,21.1309847374957,66.0026729746991,94.8710067762658,19.407273225363,1
"697",11.1523154423811,23.6745106774142,24.0334502148959,66.4130390164456,75.7272762192748,19.4393591068356,1
"698",14.6061780244966,24.1254741435844,14.5750369104286,51.1346458076458,86.0929648198583,2.8159342583429,2
"699",14.1424048975135,34.6251995574923,24.2645416026312,56.5693702761557,79.0161851664823,19.1212577214338,1
"700",16.5959440205781,23.7404145987196,25.9335333869327,63.4453283730073,98.3059672687072,16.2609144449224,1
"701",26.6296959151416,11.7298996855171,15.4280441240221,52.5639779026239,28.7579363628468,16.6838150456571,2
"702",27.3879087077481,25.2108461556574,16.6343487203602,31.9069781274585,94.6197742633889,23.6148058190057,2
"703",28.3828341221503,23.8238658928962,15.1456742106827,36.4299591546737,95.8912393195852,16.7332462133424,1
"704",9.16158133227792,16.1070759524868,20.153877267175,17.3514712728129,116.322072340437,18.3221662357787,2
"705",30.7925195256347,19.1031049570059,6.82321421115044,52.9412309829945,71.1255169134716,11.029518750966,1
"706",8.93728527145022,32.7060160897835,24.3191004195665,63.1628558793305,74.1228744786876,20.2594840936667,1
"707",12.2115935737268,40.6930082313099,17.4935656797027,56.8553509507862,90.50781735787,3.1070381784206,2
"708",10.6006222072647,21.4522254626735,17.1790834114313,34.2333619127595,96.3036905030811,21.376676941091,2
"709",4.5481028878863,24.8799240806148,16.9910957023118,87.6839105444991,97.1249626533262,21.2557065047717,2
"710",14.7331983954912,20.6664562523147,16.1242181772498,46.6662566143311,79.9030700691724,2.6277915317293,2
"711",26.6467246543862,16.9407957421012,14.8247858592591,44.9001032109672,95.9814520172961,0.6948412071729,2
"712",25.490094163163,15.2843768672001,9.42967575165341,67.4662263822649,87.7114272088014,15.6444545090297,3
"713",19.8811485814835,26.5193183891434,18.1877052951741,54.2644397834124,29.6006351521024,16.9576638588997,2
"714",3.1991220016224,31.5388950865672,16.826937629857,51.9648591529997,36.6870931290196,16.1425999081577,2
"715",14.1699089138803,18.7041080823303,6.15020575563831,48.4423415487497,68.2440169248218,17.1711275932908,1
"716",21.0700632287895,9.0179948028171,10.6905307813947,74.3808778247577,90.2181059819634,23.8094548957495,2
"717",25.1292013481573,20.3106235973622,16.1973950303367,15.3957865956468,110.931328524183,18.4914790488991,2
"718",22.0679492889746,20.2050394890464,3.72198163709643,45.0312613058127,83.3602820331886,16.5500215569151,1
"719",21.8288452993361,21.3900944545007,21.2027288036509,67.3003364283178,86.7016231855218,0.166610729253399,2
"720",26.1387569264559,15.3095519462794,23.0803466088705,61.6936587341511,78.7345804259389,15.6568511455466,0
"721",12.4226750126026,22.1756092552725,4.38448280705941,54.2876000019729,73.5364008087088,14.4495342919413,1
"722",21.8245655591969,27.2275173216038,25.550095425854,56.5236722180826,83.3381710917454,19.17643764585,1
"723",20.7451859491206,29.4286848288155,26.1751133167187,60.2754498289218,84.0796375336295,18.690958582905,1
"724",20.3971630974147,25.1762716944953,18.6841004697908,55.0823593973407,23.20082763682,16.2903235438234,2
"725",23.3508304339991,21.1074476226328,10.8332124983526,77.2488909127019,91.3519989423541,15.961765519061,3
"726",11.9315384028456,8.7073160633772,15.4640926991478,57.9900938339478,26.75623610122,13.4329784828332,2
"727",32.9497841412297,19.557480535377,18.3909322407935,50.9289923304882,16.611410170978,16.6323570968739,2
"728",27.57584690878,17.0721994768664,25.6746486464775,59.2008681951299,69.269469698175,17.3268236217237,1
"729",23.4748018533714,14.8589734159532,12.5817671416062,82.6819486042575,84.1118680990836,19.7541131623714,2
"730",22.6820555824926,33.8607254080276,21.8729408509136,58.9458802160007,85.087502371838,20.3745759429215,1
"731",33.9649529632408,31.7444161667814,22.6729965069963,58.9069585660071,28.4423726340948,13.7887098720659,2
"732",6.84651740928061,16.8103262071411,19.5518134851565,51.7927505626685,82.6713441093191,5.1352152940466,2
"733",23.5658766424401,12.2820278441248,19.7921115137064,19.5351206562063,94.0593387874396,17.3195009894891,2
"734",34.0502319355167,18.1121842068591,17.8796207914674,15.5177868406242,95.5513173855131,22.794161154562,2
"735",24.895987493209,17.2459279934291,18.8977598463791,20.462071027839,85.6509415143123,25.6425331849798,3
"736",12.6166851683797,22.6625334958747,19.0918653481403,55.2669274486863,32.1782441435172,13.7973189474976,2
"737",22.6565843755526,22.4851238323253,24.8811705598089,52.5968696265879,92.6761114348006,19.3610240737526,1
"738",23.3557952772003,25.0630731901818,26.3742194668435,70.4013437977905,86.0295698244253,18.8244131706756,1
"739",15.5624435925343,16.8207112966793,21.2625786631375,71.0140303203192,101.320736014375,1.8471740732961,3
"740",10.9014400317569,27.1328084965847,15.9521789257765,76.2728160353053,105.130641771033,22.9815989195194,3
"741",14.0393245963239,21.2996691423934,18.1793182607605,50.2205888161707,36.1460599837876,16.070478452932,2
"742",27.0940482371386,25.1001144820175,19.5111937424789,69.0566422284663,90.860446128858,17.9374513570805,1
"743",20.821407428622,39.3435380228878,21.9617102246115,15.3121145615904,73.2959572852016,19.9575553137963,2
"744",19.0889509969038,31.9473594666922,14.0582223339621,74.0183697024741,99.1794745853824,21.3165158450235,2
"745",24.2732039915543,23.1635170145499,17.1376289740236,63.1623806747256,25.5233226707176,15.4382939865754,3
"746",19.770686075713,19.7973691492404,21.093883495973,62.8969807930741,29.2989407247632,14.4238903566615,2
"747",25.1840477684706,5.2781787321949,24.5348188772956,69.2024778115214,89.6053348750213,21.7877345032163,1
"748",13.0792120421496,21.3448869892355,25.6362801093391,70.9453914200792,87.3763496662824,20.4897775881945,0
"749",26.7567339305478,13.9509171922926,7.16256620456288,42.6727177117665,83.3297837578091,11.9033728865816,1
"750",29.0528998307236,16.2122932198204,18.7789421927009,50.2991141253739,23.4192457124864,12.7679177437113,2
"751",19.8088256051303,24.0347435750959,8.12303328901603,64.3681642589107,91.4159657190724,16.472043012468,1
"752",29.5359025663055,25.9282261715187,27.1828394691346,62.3625275591924,78.0474316377881,20.2295785653106,2
"753",27.484813975269,29.0430404361507,18.3955469385088,51.9620940174208,23.8768722366524,16.4641846096935,2
"754",23.7580099364211,15.3239451431449,16.8924263936176,68.365457381433,0,13.2556007173062,2
"755",18.3809308719805,23.3796224703287,23.8648721350557,62.6084368965743,73.9478423754223,21.5553373759732,1
"756",20.4572900206491,25.0448116225271,14.3423883315241,51.2877272662952,83.9018099643762,6.0865426611871,2
"757",31.2356963683299,16.3884786646812,13.8255115790638,91.1398495352487,92.469348448566,21.7953439204176,2
"758",32.1399149963579,21.8736098670165,17.9022878095539,60.6272805726977,34.9881545499736,15.6263572420291,2
"759",18.2753495451932,13.6421538494815,15.0480080059983,15.190855862907,76.6890211251704,19.3341948034472,2
"760",17.350139461114,17.9263519810443,24.9246368210095,65.8687328633818,68.2872970601031,10.6260511370582,0
"761",25.6885105849534,30.9168975930674,15.0414218827186,73.1740581008937,86.073483469495,22.0569068535706,2
"762",14.7216880538644,22.9561480013106,23.6046170993217,66.1535503123067,83.7544379930919,18.2425862364385,1
"763",16.5188931152956,25.0807424534284,14.3616036773943,75.7726397301844,90.6558982955437,18.2694826712885,2
"764",19.4006199966707,21.7513977700381,5.96238864003756,50.7673981136334,69.6801118242876,12.3788385081272,1
"765",24.184711120486,26.1878789111139,7.70188538263537,46.5197159460309,70.1227330769758,11.8058303542845,0
"766",13.057592571015,30.0076852502389,15.4298137641575,24.0673633174851,123.04175602754,23.4412752981492,2
"767",11.0263474378203,26.2215539434066,21.9414044533588,59.0332402527251,84.994954684889,0,2
"768",14.4268814174741,18.6729688775598,19.0201165073755,53.2977789118027,28.9602776611588,15.8373422767735,2
"769",26.2102588911978,20.5043585489093,26.5304131020591,58.3566057900525,84.1864501884668,19.2357159539096,1
"770",31.5290969322647,13.5547210864415,13.6689817410377,67.8685133684162,81.8454302621122,19.7253347609288,2
"771",24.8984664161031,26.0787742701365,23.9781303207041,60.1991574238079,96.5632638919805,13.2492891675663,1
"772",23.998917830078,21.3313428939928,18.4278963944277,55.3530127672946,42.69273718324,16.9952653927394,2
"773",9.60672730449128,28.086245777415,17.1522231464297,47.9635468916097,100.844129512118,4.5232065148386,2
"774",13.6082411876105,26.4288163647683,15.4664157603885,51.0969297723608,92.6175646048777,4.5074268941981,2
"775",14.3615964894875,17.7062646281308,16.0134075555721,76.7805151397586,123.574186031101,22.3598129180189,2
"776",5.1628018939819,23.4746732036277,3.27890192915114,51.9323843188378,71.0059013876614,16.2041917698769,1
"777",28.2943382868665,24.3721834988659,16.585559182018,15.249029076294,100.210442116605,20.922272209195,2
"778",18.1835357600354,10.2043739534651,16.4225045651644,51.6246644132667,78.5455366047197,3.9033387531898,2
"779",8.78841546676176,21.8864622992318,28.2733212513988,49.1717617067229,84.98614939765,12.8272165196642,1
"780",21.1708552921137,25.2930390362357,24.012234394494,67.6098368049373,86.5851987314829,0.622433151911498,2
"781",12.0119655300777,13.1248362641494,16.3322218404727,22.3907434875195,98.0123965998697,20.4416663514417,2
"782",16.948676815398,24.8719256663589,17.7602648394596,56.6305441695321,13.4782866651108,15.2339738059288,2
"783",14.4919395457104,21.773827319405,14.8687415105311,15.7428726024189,89.5849543418164,18.0070460460745,3
"784",24.7274390185966,20.8522791838671,16.1249606426629,54.1364668932627,86.9858608575474,4.132516722334,2
"785",19.0970067790648,28.8791675496469,26.6244882547492,67.6214716841293,90.0049484225823,22.2810056975913,0
"786",9.86257275172687,20.3017522613217,26.1861171358481,56.0231140479292,71.0260974177164,17.3540851787369,1
"787",32.341460033208,11.7557203623888,3.20093969178195,63.3121226641553,72.7997862965838,13.5058575920847,1
"788",24.0543269272917,14.2249686656066,17.6889519347483,71.7018569847626,95.355452789733,3.2536812315175,2
"789",21.4403940951792,23.0193539970723,23.3801374182946,67.3422069860279,91.8264464837235,15.9477395863856,1
"790",29.0587450323599,26.3710401248255,13.4645428994196,50.834047342571,87.6375988198713,1.5379331537202,2
"791",24.3829382639359,25.5524566610798,25.0437887394749,65.2931067603449,87.9863545667907,15.3735454874598,1
"792",31.6082692623116,15.3837974920156,12.5349956489916,51.4238906807624,40.8365358940924,16.8080804456442,2
"793",19.6631136254471,19.8353335721877,5.05700961485721,44.0253672857675,60.8765627533425,14.701950410736,1
"794",21.1789736701502,8.161216159207,16.0119626237862,59.674678885606,88.5247485970072,2.6036512334717,2
"795",18.4281628953642,20.7419113559037,13.3512536968331,66.9272759907976,70.8912414649242,25.8402933579256,2
"796",4.9489822576391,22.765830508806,16.2314916664534,13.3153360678194,101.650235960014,17.3938969413289,2
"797",25.326711211848,22.9278423841916,16.7044552445016,61.9338614808139,32.2110521498524,14.5578957246733,2
"798",16.0799709171458,14.178573463808,9.37638555539025,48.9613976043439,68.4754052291613,15.2930765044975,1
"799",16.6507847565622,14.8321431748338,22.2259729466063,11.3920702293498,106.455834008828,16.4127743089894,2
"800",19.5929540788731,23.5025972860622,15.9263706446052,79.4775986377862,107.836818890596,16.6654843185244,2
"801",17.6963292240372,22.7052732336462,16.5474517848889,14.9484033354948,94.0169822281435,16.2986252309801,2
"802",34.6145484191238,7.9047358989985,17.4859721950358,13.8868848137523,80.2770379765854,14.0129579423873,2
"803",11.9624707336401,20.8421496974588,22.8408889696187,20.1400170720258,104.982421832265,20.7165413036453,2
"804",25.6376591656771,18.4032733728109,14.9464887200575,59.3105105046289,20.6640516275888,17.1619353801635,2
"805",30.0832878871234,26.7850116694031,18.5227373582328,43.5272689343442,15.3458278468812,16.5837051425579,2
"806",13.7906871803544,12.0686381788821,13.1763368185488,77.1916437708458,113.480570626711,17.5041613723228,2
"807",21.8388954675371,19.6213797187805,21.4787454463817,51.2831902531877,21.0415387051172,14.380999627424,2
"808",23.8704022759553,13.9824798068459,19.8820491993212,53.4903839048198,27.0516801635652,14.6351951350683,2
"809",14.170047564365,23.4111345440755,18.2299370750639,49.1652036881394,98.2720656456671,4.2229046395063,2
"810",35.6143030502682,21.1200778326575,13.9598850685241,67.0744620515916,44.0869084030596,16.0196872846336,2
"811",5.2040099747415,9.55241918746612,14.7987439279515,53.0923131171949,27.9009473683824,12.4284208878981,2
"812",15.9759660450097,22.3892427513139,16.7585038921084,5.0709816674103,88.7264657895521,17.2589731019894,2
"813",15.8247882438365,36.4652975149346,23.3294055254809,61.2426569143391,90.9816829652962,20.9726862043382,0
"814",17.1609308859144,15.2709311452501,15.6714289435723,60.4484904753353,34.470887274876,17.3946276984342,2
"815",18.6821078029714,19.2138368515322,20.9028783887373,67.04369348318,86.8901010714284,23.171436775532,0
"816",16.0012144249008,10.0339928191959,18.26743093532,27.396354085947,92.2449989939697,16.5986985349112,2
"817",15.3131224718365,26.1089657608155,15.7954890032927,58.6898728207405,20.8163448052912,13.2943174701784,2
"818",15.1624140411892,20.4261700219523,13.2162580398755,79.6408008072031,101.130195403498,16.6432104093906,3
"819",11.3466356112181,22.2573843417903,10.1336116309718,78.0655506726521,87.0610179794157,22.1731697107569,3
"820",23.765460674534,25.6541242201619,16.8527529389482,55.0359968076172,19.4865446125524,11.8769518328028,2
"821",8.44301093746737,14.5547724846573,26.9562914174823,68.9384277327316,79.6082711681228,18.8622747956025,0
"822",27.9396427175262,28.5601003239576,2.25824664985082,35.0909860464333,70.3775451613802,13.644777821619,1
"823",23.4213594839502,22.5230065332905,17.8840209800056,58.3944997382396,92.102044762137,8.14654124946755,1
"824",15.2691695951282,22.4305937265047,20.2330025462812,71.2319458327966,90.0433646703667,2.2022826482361,2
"825",14.8490182361579,19.5248578547698,14.2417741460902,36.0908195007114,87.9523726176212,18.8527416960574,2
"826",42.1455679277051,25.3641337324872,17.256264869174,57.301251959254,16.5376630357456,17.9683779525094,2
"827",2.7543619058188,15.5296772938216,25.5682581026327,53.7921972016336,89.4311337330176,16.2486949156621,1
"828",28.2207447233119,21.2519756408523,28.4711842325811,63.8369058124148,80.580265007705,14.0237877208656,1
"829",19.8343973372195,29.1737000380636,22.01863120914,17.6409337109943,99.6079244451787,19.8615591395262,2
"830",32.0244238062415,25.6955108355647,17.6909374382538,46.5241872310588,72.4324815835803,15.0109521183741,1
"831",3.8264342150319,14.5396756153088,17.8303372997153,39.0113501986711,96.4966393408458,18.3733790354192,1
"832",18.663371829105,13.0410423497833,5.53008552795184,50.0615926274863,91.3869538914084,12.368813258314,1
"833",13.4959141327109,17.2583073336029,17.9679690488688,56.0022023451057,85.9385499515994,2.9673988580563,2
"834",21.6812677952267,16.0565119214513,16.4605744219299,56.1899562810367,33.3697368729744,16.4066071053758,2
"835",25.3512411713101,18.9436466085248,13.0501116714247,41.0016722676491,28.5807435308376,13.7424724262935,2
"836",19.7875281564009,9.97283545639812,19.6906617304262,31.3513681605729,80.1382240047406,18.2470100002473,2
"837",23.9270326339531,18.6432894834477,18.4016347541527,54.9115581300334,100.980728434594,2.9502007052329,2
"838",23.2213525264046,23.4941160174319,27.8111980163875,68.9094166874069,90.7982948651007,15.9208790277976,1
"839",16.0203191055469,13.9136249067529,16.5829716134295,45.3362403149935,22.946538443604,19.6855435654961,2
"840",21.1096751241515,18.7868213876583,14.6463656120963,68.0659095335035,97.30146405303,21.2439909523602,2
"841",21.2691787814931,14.6233930323994,15.2182127906198,72.1113483450402,97.0419659882579,23.4662860274599,2
"842",26.1526223054502,13.8565155734588,14.3227432076962,66.6943922193548,97.3333057653068,21.3421778129865,2
"843",25.2773800730203,15.9607605255935,20.1452535273764,14.3637676247295,90.8007348858227,21.8004844481931,2
"844",17.3111937869253,9.69100509407107,15.0077288597502,51.1503829707371,90.2698089691868,3.7101249551579,2
"845",14.2176437580382,10.3264717920726,17.2458302366681,78.5693741056089,87.2830369511784,1.573227970445,2
"846",12.3179426878204,13.1972686858594,18.6423995547139,54.9761609062763,85.5185580334746,3.3673153350222,2
"847",24.9020766891746,25.3134101568364,12.0033854154565,10.3081220863986,88.6964925813858,18.7930507485428,2
"848",26.7490932375192,20.1353364471992,26.1745509284774,64.7371454833191,84.0470336294651,17.7578868764003,1
"849",27.7228844030938,12.3986423304036,11.3248241059301,77.6881543458484,98.1784370985599,14.6802122810479,2
"850",15.7350086966552,26.6469621515892,17.7923593220517,53.4617169881239,90.0015452860446,2.3841500619976,2
"851",14.5303936571182,21.6745051943142,21.9125834000018,69.0651126490576,97.390885896086,2.691908017494,2
"852",26.6850608114472,21.5968648257997,11.3025236764624,84.5034368930541,78.9209895768626,19.4171071204194,2
"853",24.0169461228202,18.4798513258391,14.6436695979069,14.9618910117282,100.099594941589,18.7065043984139,2
"854",20.722232221145,15.8788880482184,24.395506049881,64.1251784058444,68.1461924154375,18.7348334258964,1
"855",12.6690525528509,15.2283939934001,11.4722904764825,30.1959892615983,96.3606187510665,15.891265557014,2
"856",25.0069609730535,17.1236836026832,13.9185325722353,13.8037575840366,95.7231455521668,18.1509351295514,2
"857",24.7326911875003,24.6383302431,22.7800013619635,48.2671713263843,19.6652175580088,12.1672931216493,2
"858",8.97544758694458,18.4509696682789,15.7328405113247,71.6991103030382,108.73701819422,20.1337571080349,2
"859",13.6256342131996,25.7139391091125,19.6189737575466,65.4668928436692,32.5475283261968,16.6654542463098,2
"860",29.4441510483464,21.6205983660281,24.7066060731586,61.5452330020867,86.0537978452807,14.3730570839598,1
"861",16.576154239791,15.2630305250732,7.87724348804142,51.611053337683,67.9843828853576,13.5268385857498,1
"862",21.1898933229726,15.4671351775926,26.8265078167336,62.9702467662527,80.7809614744121,17.4807914756447,1
"863",20.2491939353527,22.920306723679,15.6368524923604,86.2439068450899,92.2220732797726,19.1267243705084,2
"864",27.8775301758059,20.3420417453305,19.1474565957453,47.3017669256758,94.3136888901681,4.0183787528923,2
"865",12.1162252884204,21.9992413270486,17.5375177241996,74.2949622052315,111.677101459972,21.991074143832,2
"866",15.4332005374991,18.6797760770471,13.8971656448718,60.8173913381477,90.8557284582074,4.6358824329384,2
"867",24.3275511457429,12.2101622158441,4.12353131229291,53.4809584899727,71.9474521027296,10.6331877094033,1
"868",21.4068570339498,16.1678950334236,1.63263112124873,52.5976332872263,65.8240181269918,15.0675447346629,1
"869",29.1062418052054,24.6380852684952,20.3834797444742,59.4762368993556,53.806093931132,15.5313356663623,2
"870",14.9192866539212,15.8876530471402,5.32991498091222,53.1282010864722,102.230156012856,11.6303395262312,1
"871",13.7317020166972,22.1633950729117,19.8864855404583,18.8065532489907,120.105938112008,19.004187116702,1
"872",19.7412145492413,33.7223715973802,23.5158354586404,61.1255867902075,99.5514214305409,13.8103645245236,1
"873",30.7650947322112,12.6294039490144,5.25861199354162,61.7711346852404,70.964957352751,11.9049358630304,2
"874",38.4269659173643,26.2163000001451,19.2445494686085,21.6642529859493,84.2317036748059,22.8207815389252,2
"875",24.4551563030493,16.0622936257941,13.2164034149027,66.4695121456714,112.808636750876,20.8648218397829,2
"876",18.8254664134354,19.4719534916448,21.2282871762494,56.4490756865421,38.0732473843588,14.5019972296673,2
"877",18.4060424633899,13.9636412027856,16.2956936724859,72.0459305901501,106.7749662199,24.8931759873869,3
"878",25.6067675993612,13.6348285986774,26.6159055730062,70.0272599346779,85.604919827252,15.1061393056974,1
"879",24.2866197949018,26.1358104172044,21.4446490143916,65.722164688524,86.0962478291405,15.8377988650273,0
"880",15.26439715483,25.0603379291257,18.0452068652432,27.8575713282243,105.459713861608,17.1156305109246,2
"881",29.2248257395434,18.2709206287405,9.12603601578082,87.7627897441508,82.4676003364274,17.800473089828,3
"882",26.9024976177577,0,11.0465866749626,79.6847484012956,93.9066317475771,19.2683317278003,2
"883",9.90943947877507,16.3733370629153,16.0930978663794,30.5783426311035,108.306045460345,18.1701448646085,2
"884",16.0651635537004,24.283135673238,4.30982616385155,58.5465349074662,75.0876642821388,9.8501518703701,1
"885",26.1086127531899,18.3117522221096,13.9144771866551,77.1167639663741,103.49159121019,13.2174037249623,2
"886",23.3106048973947,28.951755590277,17.7876369181933,61.0886927872896,33.4803799494008,17.4314305297829,2
"887",17.2583942257947,19.2611561099322,15.0432782470364,25.5461064018996,94.7692879845614,21.439055584172,2
"888",24.8443587039562,2.3464166878226,24.6674885243923,20.473375488519,98.5302751461059,20.5701134033524,2
"889",18.3954400327383,13.6105136091325,24.9435992508017,65.2248282871925,89.6312074200901,14.1788305930361,1
"890",18.3508848402048,24.2830172176853,19.2625557438547,55.5549804173419,13.3398891732928,14.5603188856437,2
"891",7.39433586731255,16.6209799186614,14.3438568105768,21.8192716455804,72.4498301920856,20.2373065528158,2
"892",26.8244738365855,14.7453872369871,19.2021120478176,58.4204434402629,42.3082359809772,16.8695922552132,2
"893",34.8153936486225,20.9446966597485,16.9344037299493,57.1095784893898,95.1519809918,4.6708900273941,2
"894",25.0559923358053,15.2602987837618,13.5602806223737,26.1302749870434,83.2597116058851,20.1868442874582,2
"895",29.2430871828002,22.6383435642782,14.0019853082135,9.76887961396261,80.0400665006498,18.6643676096048,2
"896",10.9458314656451,17.688287180724,25.1121639558776,61.4228152865228,70.9867534772074,18.9589732853402,0
"897",19.43733672628,15.0682644105854,13.1214425608569,97.1744727188184,84.7886008947405,23.3193981575259,2
"898",5.4038040682515,26.7121703973636,13.654389138858,69.3423979311667,93.0419839011234,20.2460741526543,2
"899",17.2562304437074,23.1531908505767,19.1207230960551,47.7962701225379,83.8264203687518,1.8947138902768,2
"900",21.1280117390497,16.1355154824838,9.96249620935054,46.866546550243,87.7940435354629,14.3108931196075,1
"901",22.9224152718249,20.9334122447416,17.3900296771414,31.8461631270123,86.2625799849344,18.2055759492311,2
"902",28.5291777160059,33.2554844508129,21.3818945750036,67.7923521092203,20.521362730716,14.484224862592,2
"903",8.84077844851817,12.0908607606986,15.1030198870987,55.9344186770659,116.939140083925,4.9911104223521,2
"904",27.3748674287429,5.5497791827612,13.7876148254605,54.5340221027969,86.5494750861806,1.8260696439154,2
"905",18.9708813437481,25.1992853424703,14.137274788245,62.1988263616087,5.4206437640352,13.8233756597605,2
"906",23.8788174851515,22.6713818396972,19.4293443273884,63.5450441565141,93.6480641904931,3.0316322855121,2
"907",17.9864426966134,24.1532963947429,22.3804861929751,71.9502020175382,104.675569321812,17.712605937523,1
"908",0,20.4318188090909,15.4555944550133,61.5341412484064,87.8295139169732,2.7918651262209,2
"909",20.5926485611855,32.4579193743633,25.9366462143502,64.0180909227859,91.4226116323553,12.0909299425848,1
"910",28.6765401264588,32.2196939100383,19.1559661108334,28.3341064571025,93.7079077449556,21.2388036130497,2
"911",19.0269880649122,28.6089605713714,18.2186014031669,56.4759368897897,32.473599492886,9.25659191475627,2
"912",21.6116964167334,18.8382523335324,21.1116692877594,19.6384748897349,76.4963229350667,18.7668737721082,1
"913",29.2920184514555,19.1990097219302,16.2169460047956,11.9015309572881,93.4147442638128,23.1187044626754,2
"914",23.4652208607171,18.6528339749109,11.8393821916112,31.2358365985629,91.5105929049362,24.4736028073103,2
"915",11.1315191180542,18.3581489589662,15.7617912271068,63.4775150212738,25.9281689951964,14.1211887571168,2
