"","cortisol_level","lbp","z"
"1",11.3463482343358,0.869570184266195,1.07171213531819
"2",16.3065968621681,0.0959443370811641,1.07242528576448
"3",9.98500359234685,0.207426712149754,1.04420471696477
"4",8.7885644007212,0.337202280061319,1.03800095367376
"5",7.71876683744721,0.664775075623766,1.04781297490247
"6",6.70438625916072,0.171684907749295,1.02543570287663
"7",15.1326962012583,0.519009554758668,1.0765358530771
"8",13.3149554659162,0.344613950001076,1.07895677715974
"9",6.13095955469037,0.0805992558598518,1.01485289669439
"10",8.82601667541539,0.796752779046074,1.05902945953408
"11",12.4617710924477,0.637512847082689,1.06159189548874
"12",5.56170753740178,0.351551459636539,1.02186326072957
"13",11.3003581350291,0.479758342960849,1.04772925266184
"14",7.86404573222919,0.041478264844045,1.04657012879402
"15",12.9413718839399,0.179928895784542,1.0656908357108
"16",17.2119933615998,0.48970366246067,1.09173359307215
"17",3.44850806213719,0.802366110729054,1.01767807925144
"18",10.2342906941646,0.856337456032634,1.06098972431916
"19",8.43001066698502,0.671115970471874,1.05377533004322
"20",7.10807406881048,0.141037317924201,1.03724326889757
"21",11.2197201420753,0.550665381597355,1.05375471858857
"22",2.69982416529911,0.638731234706938,0.994637634630895
"23",15.291104797676,0.793731658253819,1.06065698302864
"24",5.95503442766759,0.363789899507537,1.02868847166097
"25",16.2015488881994,0.230238199234009,1.09126804473743
"26",10.6525493422199,0.786778861423954,1.04666505894116
"27",6.15384547400898,0.728592814411968,1.03318357763548
"28",7.9995955895076,0.225920646218583,1.04999018561023
"29",11.6409823522178,0.598437648266554,1.03259258035993
"30",12.9570423397766,0.581754013197497,1.05232178751901
"31",2.69942302005969,0.343928516842425,1.01260382813695
"32",10.0985160095855,0.430161466589198,1.05385842434876
"33",4.47232152120608,0.868769051274285,1.01617785891907
"34",4.74792075131018,0.460283115506172,1.03045467564257
"35",6.11313274607205,0.137526217382401,1.03591629869964
"36",4.27821107386322,0.76373811182566,1.02294768055107
"37",21.8295891049367,0.732025989564136,1.10171207709487
"38",9.50506308538789,0.0904961701016873,1.02951050846697
"39",17.6889252356001,0.767024419736117,1.09148750671673
"40",17.9865293700828,0.413882578257471,1.10576563397953
"41",10.2349482706126,0.557944710599259,1.0526793204276
"42",13.7040576014606,0.0676717746537179,1.0677506409539
"43",12.1283889892565,0.280892214272171,1.05495193340199
"44",8.95426889804353,0.34779917798005,1.05311217429424
"45",10.4442173827468,0.225887135369703,1.05989838776268
"46",1.971502457494,0.399685734417289,1.00703232590999
"47",6.10898138675304,0.923928993521258,1.025671536903
"48",10.1362553543575,0.244946656981483,1.0394695822688
"49",18.1190266901282,0.740133164683357,1.10142432374803
"50",13.8780594640136,0.366514979861677,1.07076373172805
"51",9.84745404690302,0.733792780200019,1.06295165044044
"52",1.06849084612644,0.774219155777246,1.01877993061067
"53",13.3670290561866,0.864402700448409,1.06336959549277
"54",2.99806099165714,0.672187140677124,1.01886619169442
"55",14.7177036664161,0.943449530750513,1.06806260501355
"56",6.50441028233082,0.85363609297201,1.04349257733397
"57",12.3951920055618,0.132654852466658,1.06661375836001
"58",1.24956157150189,0.0572114114183933,0.995664961994519
"59",0.166048927141446,0.430784502532333,1.01256551259156
"60",11.2974564182891,0.672703164862469,1.07100098326246
"61",8.06931233600847,0.966879239771515,1.04237750303795
"62",4.22957480631338,0.979156205663458,1.0135455620491
"63",11.4966394769183,0.464103138074279,1.05372008416046
"64",7.54699942941386,0.929642380215228,1.05932976375228
"65",10.3008930864669,0.735112293856218,1.04695516014603
"66",5.4840318055564,0.719545800704509,1.02580519980775
"67",7.23924285798841,0.91001704800874,1.04877843524187
"68",5.9994533261226,0.860554772196338,1.03823372975631
"69",7.23395149835352,0.274687403114513,1.03450542227163
"70",9.20097553439068,0.146177993621677,1.04021295650827
"71",8.53103439725152,0.869626879226416,1.04497533524188
"72",11.2145820902571,0.827236359240487,1.04453857082731
"73",4.27581029687626,0.861151957185939,1.02013893352718
"74",5.13698199357807,0.977655431022868,1.01941647551648
"75",12.9292220194566,0.773231733823195,1.05964352846687
"76",7.32135848876523,0.958096691407263,1.04229958065453
"77",7.47953926071776,0.152620630338788,1.03389587880072
"78",17.1065396745299,0.676457882160321,1.0603737093894
"79",5.57228003920603,0.799307033186778,1.0132599281288
"80",6.54749891141427,0.289145076880231,1.03675193095847
"81",6.71323341194121,0.836176557233557,1.04054115964268
"82",10.2455838427539,0.764287397731096,1.04266821116818
"83",5.44970981362815,0.57174781546928,1.02387538121093
"84",10.0041295894494,0.744506385410205,1.05045213245865
"85",7.58049158662353,0.739356125472113,1.04839752366053
"86",8.97218081673897,0.479288099566475,1.05767394491932
"87",14.3386747826063,0.647313066292554,1.06479519825402
"88",16.3970295761196,0.415773002663627,1.07991442875234
"89",7.35392170410212,0.918452440295368,1.03175169015548
"90",5.77121428570103,0.30579730682075,1.0278979952128
"91",4.93612937218802,0.108406900428236,1.04044246969714
"92",10.9225361347354,0.894730366533622,1.0536755731799
"93",14.7613718946106,0.0106621882878244,1.07408498342172
"94",7.56406086512973,0.980627762153745,1.0424353670299
"95",11.4597522555524,0.444168770452961,1.07052927083505
"96",9.79515119852566,0.26271173171699,1.04339170729233
"97",14.1555331167758,0.203834470361471,1.08704543909902
"98",12.8518194355413,0.0142841660417616,1.08608519724648
"99",10.0257415496429,0.838857124559581,1.03956885604717
"100",7.35953876098369,0.474738404620439,1.03614170780621
"101",-1.33883789606127,0.137231003725901,0.997161512331557
"102",5.86762551628578,0.670569822890684,1.03088699907951
"103",8.31179291691464,0.094075207831338,1.0564883472858
"104",14.8880037160584,0.592420114204288,1.07938657404782
"105",10.1103850429926,0.268451936775818,1.04492027024104
"106",12.0202580770067,0.871613783063367,1.03268165864557
"107",11.662089221404,0.209789945511147,1.05308595194364
"108",11.9998012220678,0.675948463845998,1.06487269232439
"109",9.50895121142921,0.714228892698884,1.05324608424566
"110",9.43730936151111,0.771801125258207,1.04699094640295
"111",7.95383250133902,0.53808306879364,1.0275297427717
"112",9.19532068778491,0.937939510913566,1.03266908258908
"113",9.11228975487521,0.837803221540526,1.03013927653296
"114",14.554417864371,0.501059017376974,1.06351155851058
"115",6.93925604259045,0.813334993319586,1.02929467669337
"116",12.8507720617486,0.916755595011637,1.05317370026954
"117",10.969716336553,0.0348780243657529,1.03851049444394
"118",9.52005047929373,0.235356106190011,1.03145254847921
"119",10.1527374946865,0.158169645583257,1.05421636879634
"120",11.6305038560791,0.791285306680948,1.04623833259357
"121",12.4703202728118,0.813916365150362,1.05758093399593
"122",7.21734626565114,0.27948975074105,1.03962814376039
"123",21.3389124020571,0.108761589974165,1.10589153621441
"124",14.2516893651357,0.608530737226829,1.07545118819428
"125",4.69692233440157,0.560944386990741,1.024538174765
"126",14.6276770259833,0.279515340924263,1.06754794250108
"127",12.5252784417691,0.899406990967691,1.07254230348925
"128",15.4278632233817,0.639020033879206,1.07460520905878
"129",3.94489160945125,0.224746807012707,1.02696125874209
"130",8.77434651672778,0.798101571621373,1.05972124071617
"131",12.8111914855422,0.543763109249994,1.06054958257949
"132",11.2930664848857,0.662910939427093,1.04314355017687
"133",8.79239669262101,0.743626086739823,1.06040032740456
"134",0.227983498001516,0.684133667964488,1.00719958829429
"135",17.0000363764662,0.408170453971252,1.10113227791195
"136",8.87543725545292,0.675701566040516,1.04237020535264
"137",13.627614831906,0.152940179919824,1.07601669813559
"138",14.3895943085311,0.159645089646801,1.06959518106075
"139",13.8169775458348,0.594977504340932,1.06738622265344
"140",12.6858658874372,0.982008044607937,1.06392884868023
"141",11.4779813620705,0.60353339323774,1.05284374173394
"142",18.1637169998836,0.444565528770909,1.11710571020421
"143",11.5949378604739,0.0501900648232549,1.06656682935017
"144",3.60257953025308,0.0954026877880096,0.998686591198289
"145",14.9468062882151,0.571205399697646,1.06475517536642
"146",2.1075574987516,0.568959262920544,0.98092515710728
"147",9.61350930927524,0.320223334711045,1.05684558587117
"148",5.69802010185421,0.113403980853036,1.03604889492328
"149",11.8873089662504,0.357528742169961,1.04967454027317
"150",8.93298654581251,0.663216978311539,1.04135082997888
"151",6.35751091283751,0.802175828022882,1.03237307443069
"152",5.84501885849101,0.811593109508976,1.0432623120068
"153",13.6311375420439,0.422265094239265,1.06374569736715
"154",7.22031820265908,0.682814418105409,1.04912147108874
"155",5.29384524091858,0.107191224582493,1.02741119929771
"156",13.474877722938,0.244181688409299,1.08723727465489
"157",10.9842947973206,0.239660627907142,1.05678719618727
"158",8.31219286715437,0.395442355656996,1.04156862010624
"159",7.3438232131458,0.990480196196586,1.03936757392763
"160",11.2834768911781,0.616612452315167,1.04943994810732
"161",14.2522021669903,0.411036603618413,1.05170551036359
"162",11.6052519839817,0.698637997498736,1.04594769487741
"163",18.4913934044738,0.94338101730682,1.07936839671935
"164",16.3431256828715,0.652409007307142,1.07844637857848
"165",10.9732340153454,0.893060822971165,1.07627021346865
"166",7.53116327153707,0.762461053673178,1.03419655465884
"167",10.5288395218664,0.884087840793654,1.06355327245403
"168",13.2604725443214,0.25475680292584,1.05844119576297
"169",6.04119356569247,0.297179311746731,1.04561763627965
"170",12.942516621429,0.645769949071109,1.0589676617769
"171",10.5350304789744,0.931453677592799,1.05370394757198
"172",9.33979510166229,0.588276171823964,1.03867145820056
"173",14.0720136557046,0.148704329971224,1.06053930894096
"174",9.05589185265879,0.241624664748088,1.05717147728383
"175",6.69032836648345,0.725311347749084,1.03073825764645
"176",4.64875236731508,0.259665368357673,1.01843043003375
"177",7.70381427247478,0.331012448761612,1.05218696828465
"178",12.5648611844548,0.985363822896034,1.05562922369267
"179",15.7770763258327,0.389322821283713,1.08321706529057
"180",9.72734414963248,0.122860073111951,1.05391237983315
"181",2.61782943607991,0.529339144239202,1.00747237273795
"182",6.75904553537631,0.0572776112239808,1.02158160264619
"183",7.71099348928779,0.164747764589265,1.04770278759304
"184",6.9565049555168,0.574608520837501,1.02873522222826
"185",8.13710432709563,0.212066006613895,1.04187522900959
"186",5.57230815857424,0.653611080953851,1.02963114743647
"187",7.96563134523095,0.253574179718271,1.05395381615808
"188",17.151574142663,0.409801429137588,1.084468930457
"189",9.81149665029899,0.559697564924136,1.04609106140061
"190",8.25821536670568,0.397561983671039,1.04892340274564
"191",6.04600637749489,0.59731681831181,1.02709256506215
"192",9.56651081056336,0.411900385981426,1.04298590972849
"193",8.25862368854228,0.735473265405744,1.04815529518172
"194",8.26311326113373,0.872260733274743,1.04105282829298
"195",4.53121064355606,0.0253313994035125,1.03504151452019
"196",12.4120881372592,0.370901491725817,1.04715333435161
"197",5.03279767787228,0.468651700066403,1.03328487662698
"198",5.69348948126189,0.930828118696809,1.02418070277903
"199",9.94595322199306,0.329286416759714,1.05284115683978
"200",13.2653398849932,0.78142274543643,1.07852015413666
"201",17.0577754410215,0.933005693368614,1.09875931902464
"202",8.94381242536809,0.761247983668,1.06622675876788
"203",5.96106089351739,0.868006481323391,1.03570332797358
"204",10.3646857593386,0.758496592286974,1.05711036439929
"205",10.6997695723186,0.769304927438498,1.05110232645231
"206",12.3248057733913,0.980516039999202,1.05664026302434
"207",6.65642631434872,0.382049451349303,1.03559797207089
"208",11.566485377842,0.561628025025129,1.06444932011067
"209",14.352156219485,0.721280695172027,1.08684453660372
"210",7.95807778970192,0.614045331953093,1.04191671721311
"211",11.7537779899218,0.902158939279616,1.05437245922475
"212",6.50804606031937,0.144741665339097,1.04809199165123
"213",18.9983904126333,0.244021937251091,1.10053612203319
"214",5.50889102402835,0.746155564906076,1.01690095699211
"215",13.9347466419221,0.379351057577878,1.070060018722
"216",11.6492131865389,0.232435532379895,1.08261037663484
"217",7.58946173470772,0.616096125217155,1.02829832048411
"218",13.6861294143567,0.335333287483081,1.05004091646793
"219",14.5235806442158,0.603733398718759,1.06383527765968
"220",13.3038416824597,0.593971844995394,1.04827926625917
"221",8.89182232247475,0.278521823929623,1.05779336679135
"222",2.74403746472301,0.697957938304171,1.00587183236402
"223",12.115762827754,0.842613436747342,1.05218172948114
"224",7.59176192439734,0.0454363350290805,1.03643985930221
"225",10.113642916298,0.307502996874973,1.05545241322108
"226",11.8828806686004,0.499833567300811,1.05075374589776
"227",4.4666787192498,0.0831946015823632,0.997335394997769
"228",15.2564170571943,0.271131572779268,1.06927880245289
"229",13.6080440616284,0.247813729103655,1.06950837769963
"230",8.08737212331878,0.865826159017161,1.05102174371949
"231",5.36270225013954,0.383839396759868,1.02145937467464
"232",3.26049600451223,0.499620633432642,1.01139044348257
"233",8.86527032925947,0.162089784163982,1.02982551393465
"234",7.33746864101371,0.44229318224825,1.04710676563196
"235",8.74774302552458,0.474891965975985,1.03044534806569
"236",18.0249567626026,0.134397190297022,1.09266961310726
"237",11.101711607459,0.668140698922798,1.04178980996553
"238",7.90202965110364,0.832892964361235,1.03646290620204
"239",6.17114642161796,0.175312155392021,1.04111874453668
"240",6.87951607949201,0.846064154058695,1.03035617857739
"241",11.7244869064877,0.558527911547571,1.05752822806433
"242",7.52288769760231,0.692034681560472,1.02725797396558
"243",7.82623326793035,0.236367898294702,1.04913378310924
"244",13.2421163950435,0.362606036476791,1.06933407192546
"245",15.921578919692,0.380918596638367,1.07263878046415
"246",14.772087586544,0.104677845258266,1.06684093096187
"247",9.22849217246306,0.681298271985725,1.04054277253862
"248",13.9786510382287,0.24776672013104,1.07539260672741
"249",14.171799546713,0.946732234908268,1.05597161428533
"250",17.1403117044162,0.0983068498317152,1.08376428812295
"251",6.37696959655396,0.690804316196591,1.03902210650539
"252",6.52408876950103,0.827873318456113,1.0453272290021
"253",6.90527134047235,0.130307749612257,1.03159721806042
"254",6.89888844325139,0.931565680308267,1.04563473963057
"255",14.4533343032363,0.450656017055735,1.07606973995514
"256",8.48000204693938,0.39808465144597,1.06043205241059
"257",9.51314029982382,0.636863677995279,1.02704859225222
"258",10.4654146787374,0.0113588189706206,1.04989771280242
"259",13.3211822472337,0.0511094096582383,1.06905393208918
"260",10.2792636664574,0.759506589500234,1.0638780948877
"261",14.9480356059221,0.833159974543378,1.07318747591982
"262",9.86526773112386,0.203066142741591,1.03309422501677
"263",7.19406647264588,0.275649455143139,1.04314861755668
"264",10.3279638185928,0.839074405143037,1.04117232510591
"265",11.7081051619358,0.990722072077915,1.0550940665453
"266",4.06208715683237,0.434719891985878,1.03911757526043
"267",9.08163550734477,0.018644810654223,1.04858892073873
"268",5.95063561009507,0.156932958867401,1.0396664794941
"269",6.04605849361702,0.115725224372,1.04214073626612
"270",11.5390109277833,0.575553892645985,1.05957333213187
"271",6.73544998688985,0.423281889641657,1.03881069972486
"272",12.5845218277209,0.904394954210147,1.06919370875895
"273",12.3805173434256,0.173425422050059,1.06703631803258
"274",9.90931334432696,0.938744546147063,1.05502949062052
"275",8.74711667590947,0.947384022641927,1.02555781555888
"276",11.4879851891735,0.972232564119622,1.06479009639958
"277",12.2130954214559,0.790938616730273,1.04878016832606
"278",17.5408258854599,0.912288913270459,1.06805146050556
"279",2.14864353022967,0.582699937978759,1.02875604847642
"280",6.97596809738707,0.451860232511535,1.04408140255218
"281",9.37617841379202,0.838902472052723,1.04672344361718
"282",6.91801801620086,0.643022861331701,1.01862529795609
"283",10.7898381625719,0.0728955308441073,1.05278398348553
"284",12.8166984505272,0.950123608577996,1.06508207724467
"285",12.8165600690509,0.879543873015791,1.06565993104172
"286",12.1225454982952,0.258830003207549,1.07436643242169
"287",9.09708932306364,0.603189099114388,1.05407451496402
"288",3.11969176953511,0.757229382870719,1.0213295909935
"289",4.51456330649366,0.203270860714838,1.03296250976931
"290",12.0548299825697,0.399280977901071,1.06201253819618
"291",10.2796489590783,0.640652419766411,1.03694660291716
"292",12.5439642317728,0.7255395851098,1.07128311310321
"293",20.5594503473976,0.00368098099716008,1.1050850968735
"294",13.2855450724494,0.934900110820308,1.05164312603183
"295",10.8505781635177,0.218399929348379,1.03750565064835
"296",10.5303732210673,0.9719168539159,1.0558462371827
"297",7.19329907832751,0.728473400231451,1.03769340414284
"298",8.34395572042205,0.656767924316227,1.04770634362973
"299",12.4925087868844,0.980550634907559,1.05069734228927
"300",15.6620042759221,0.229858750710264,1.08077556035475
"301",6.72285127248701,0.705330489203334,1.03806513299169
"302",10.027120372196,0.715581538621336,1.05988001626204
"303",13.1704532360798,0.694952542427927,1.05912657513544
"304",8.07658591976629,0.189656050642952,1.02961517386751
"305",16.0696793006035,0.369100426789373,1.0942941445431
"306",-2.66328242608433,0.984209816204384,0.988646466491736
"307",5.45570231709913,0.752521439921111,1.01975443921518
"308",3.18040124800124,0.242282373597845,1.02983802651286
"309",13.0435996184873,0.21843910869211,1.06615915615181
"310",10.3388150757855,0.192383479326963,1.03893318922738
"311",9.25510291958806,0.717605357756838,1.0385841540791
"312",19.5017441857816,0.650480538140982,1.09744881370806
"313",14.0687848456346,0.623676816234365,1.06770474076643
"314",14.9768588458793,0.0950664654374123,1.08782415605365
"315",11.4210798588397,0.884442824637517,1.03062809521205
"316",5.73571872287004,0.69806700758636,1.02148963522023
"317",10.5370846844061,0.707015856867656,1.05548113207614
"318",0.381806932712919,0.711261977208778,1.02796642759908
"319",15.2808636502165,0.885959014296532,1.08550454631068
"320",10.3209819858547,0.215052792802453,1.05680135031581
"321",14.0205210467652,0.81693883636035,1.06352317931933
"322",10.9972382552192,0.644187129102647,1.055025694805
"323",12.8962911626475,0.110878458479419,1.06879737974843
"324",12.798115033309,0.459957287181169,1.06842894853491
"325",12.0254760225231,0.282387731829658,1.06468561897728
"326",11.3194599016258,0.695375717710704,1.05074355863971
"327",14.3424984740765,0.70249107060954,1.09069951161615
"328",8.92325337933565,0.659019896760583,1.05951850156834
"329",10.3198465686525,0.898993265815079,1.03385513188122
"330",10.106107558527,0.519977673189715,1.03874881195811
"331",10.3529426120198,0.730920320842415,1.06044829259576
"332",9.06064948702032,0.842973964056,1.0415520847198
"333",6.11891469582878,0.144638425204903,1.00087165699518
"334",13.0575327838334,0.368423396488652,1.06503092987407
"335",13.5219854330726,0.331073563313112,1.07423856182301
"336",9.98910301227269,0.828034998616204,1.04738231955293
"337",9.66078615778691,0.0443911696784198,1.05256599453046
"338",6.30577242904836,0.62809562892653,1.03141242324295
"339",21.5156063276284,0.493576679844409,1.11310230158603
"340",12.4884441389806,0.757701697293669,1.07456695198665
"341",7.04576052376969,0.162326161982492,1.04444738975335
"342",10.9541193815053,0.438519986579195,1.0504314915817
"343",3.56845946766665,0.482375632273033,1.03900836844654
"344",6.34440644254472,0.287726297276095,1.03699652683952
"345",4.20600050665527,0.606367517495528,1.00903320586899
"346",13.513416018184,0.142723190132529,1.08401356106392
"347",8.4824842707411,0.813639529515058,1.04475486702553
"348",10.3289421242893,0.850645987084135,1.05407558013648
"349",7.89757526439486,0.720762925921008,1.0401368163767
"350",7.85204400097769,0.635911107296124,1.02182014386382
"351",12.3336128207946,0.859878379385918,1.07533587454494
"352",16.6226374934216,0.493213567184284,1.08062513622397
"353",8.42307978639682,0.36557794874534,1.05224436981353
"354",6.92239445963784,0.153442247305065,1.03271689553133
"355",14.2011564442159,0.349445685278624,1.08247677248709
"356",10.6092467578005,0.824871267192066,1.05457449298866
"357",4.44663090880819,0.100531162926927,1.02295204441877
"358",16.2511573361465,0.30516671994701,1.07367960677843
"359",12.5490809302739,0.748340694000944,1.07600679186764
"360",9.22095788104003,0.251313638873398,1.0491632013889
"361",13.015958773337,0.940441428916529,1.06749534367652
"362",-0.221389921550566,0.351260610623285,0.993795289869203
"363",13.08882590305,0.299211726058275,1.06653941225987
"364",6.29559792103445,0.111617284361273,1.02959397628979
"365",10.8929765493114,0.210683136014268,1.0585007510881
"366",5.57223574754055,0.898741932585835,1.01946644792032
"367",12.289323609985,0.655168702593073,1.07489505240398
"368",14.4158498934113,0.72438388527371,1.07837232217717
"369",8.15803943248509,0.468385401181877,1.03851306674811
"370",7.16232123394105,0.23469699639827,1.02403017321662
"371",11.2499797755061,0.647248402703553,1.05824829828306
"372",7.26317575867717,0.121510453522205,1.01574515615331
"373",4.03307011345459,0.195126047590747,1.01254129909988
"374",10.7916586763172,0.562705352436751,1.0610858571298
"375",12.9520132176586,0.0540093523450196,1.08614057612104
"376",9.22315873415103,0.432334780693054,1.04334097317921
"377",6.68661773223444,0.815209532156587,1.03520300428184
"378",9.91988428156202,0.305972406640649,1.06430752567076
"379",4.37318491954657,0.050625427858904,1.01934862469505
"380",10.8145696044002,0.636113126762211,1.06384594777541
"381",9.61990295624117,0.841864124406129,1.04425822019809
"382",16.4130257960297,0.91291856742464,1.08540935759097
"383",8.51844732850365,0.53753999597393,1.05510246623758
"384",11.9868324786224,0.900374101242051,1.06394265242672
"385",13.9103056262942,0.708666932536289,1.0933723106974
"386",13.1200273960493,0.202223143074661,1.06804340258683
"387",12.2561095229721,0.325901590287685,1.05232647583226
"388",4.47029776828083,0.555421218043193,1.01546765537115
"389",10.2609390631908,0.0287338292691857,1.0484303399173
"390",7.24722019430503,0.738354734843597,1.04708339367318
"391",8.50260663297821,0.610074526863173,1.0436948796602
"392",9.91159022584443,0.741270716767758,1.06130101818076
"393",11.6800219051071,0.455731180729344,1.06231111454326
"394",11.5775154530874,0.424554705154151,1.07258693331433
"395",8.53753240498646,0.0684282884467393,1.04222700468474
"396",17.3920936451374,0.593128407374024,1.09224535369772
"397",9.14887435173658,0.376413964666426,1.04512243970393
"398",17.7685412600899,0.796722827246413,1.07992649569964
"399",15.7458915795811,0.33083537267521,1.07241062118981
"400",2.86329244555584,0.296555671840906,1.02697432859868
"401",18.802881384154,0.283896664623171,1.08710826727031
"402",11.2296532058474,0.735114607261494,1.04679013124933
"403",11.3608747305416,0.0431581446900964,1.0602524814322
"404",2.14657751677853,0.264528811210766,1.01173691443972
"405",12.3723275470075,0.498831548728049,1.06398823681325
"406",16.059874988938,0.962884615873918,1.0845420294893
"407",17.7100228820388,0.429980136686936,1.09129624444336
"408",9.95793978736818,0.393531855428591,1.0484310748481
"409",1.07502151298639,0.115783889777958,1.0200591200569
"410",11.6144613833107,0.747331999242306,1.07389389144506
"411",5.61334649704029,0.732517207507044,1.01605929507326
"412",7.38212660550075,0.954698227113113,1.04403788136366
"413",8.41956210316519,0.660918064881116,1.05056519837435
"414",16.3095785941087,0.429025179240853,1.10392919624078
"415",8.34601562571386,0.558201671112329,1.0499521591284
"416",5.45438974860245,0.908963288413361,1.01969809415892
"417",15.4630905283673,0.416505524422973,1.0987893382723
"418",11.6174309394744,0.866821609204635,1.0613965123923
"419",11.9637657873071,0.212750522652641,1.06080779583436
"420",13.6668447579904,0.54363794089295,1.07900349386957
"421",8.14181468147536,0.809524648590013,1.04418014324958
"422",6.5729037953474,0.80298576853238,1.03310756922035
"423",3.92827371830662,0.978846663143486,1.02978050220241
"424",13.1000631891666,0.518722741864622,1.04693288251551
"425",15.7279476683457,0.605233366834,1.0851819082177
"426",10.7523965897221,0.0663480495568365,1.04798509739322
"427",8.40052075384485,0.540493924636394,1.05142880937077
"428",14.5650042645794,0.671847542980686,1.08791902420486
"429",10.1931869750775,0.320357626536861,1.04685249325487
"430",8.64425889623864,0.922431049402803,1.03076542766439
"431",6.99408616675069,0.420324557228014,1.05182918443219
"432",12.677103428083,0.335932776564732,1.04493874505374
"433",10.9565405126103,0.557008169824257,1.07812469981242
"434",14.8943463682752,0.197547461371869,1.07913677923764
"435",5.25975130333387,0.488070681924,1.02030892007686
"436",8.55105341138826,0.736070716520771,1.0415639344683
"437",6.55442441315579,0.578099354635924,1.04068406361505
"438",13.7545579187839,0.13561014411971,1.05936218492858
"439",1.46578280302328,0.513866217574105,1.02146013663251
"440",15.8138812952701,0.759784997673705,1.07095510232982
"441",9.03841307631039,0.417577064363286,1.0236950489434
"442",12.881082841928,0.741020059445873,1.08633409588013
"443",6.71241202122448,0.435428740689531,1.02925261589199
"444",6.03149088146636,0.0174025441519916,1.03126457894414
"445",14.74224668726,0.146705948282033,1.09557452857533
"446",14.2686437039622,0.668880628189072,1.07233422965171
"447",6.145243762608,0.721068133600056,1.04387112089538
"448",10.4291664419762,0.464745949720964,1.03043453457295
"449",13.144233402934,0.285520807141438,1.05309835723631
"450",3.60856143442228,0.556340146344155,1.01330229872178
"451",6.25754911088465,0.626964858733118,1.03736807121888
"452",6.18129787688689,0.111827123910189,1.04001540123832
"453",6.47783041212775,0.443073694128543,1.02443310718655
"454",6.78779889279373,0.33202421059832,1.0608035829474
"455",9.90698392683534,0.13839641190134,1.04920347429113
"456",7.29123590959,0.942397711100057,1.02745954726418
"457",12.6561674134269,0.924973532091826,1.0789991505609
"458",12.874122404182,0.0482772660907358,1.07881261999184
"459",1.68272338584851,0.146883853711188,1.01780942366411
"460",8.68966685610727,0.229354241862893,1.0539888114064
"461",9.44438263051458,0.504335295176134,1.05567640200205
"462",8.15002968032737,0.810881070559844,1.02790802643958
"463",14.1843933303114,0.719393686158583,1.05544784115183
"464",7.26725243894402,0.81157750217244,1.03625783103341
"465",10.4900231708204,0.566782338544726,1.04613985112165
"466",4.24454779714293,0.193733050720766,1.02485881083157
"467",10.2122686304928,0.250532566802576,1.06114136089221
"468",8.66773227783398,0.0716825507115573,1.04336613518513
"469",8.98455244253857,0.345475471811369,1.04961045382103
"470",6.18502213109072,0.079091597115621,1.03281346320666
"471",12.3491218869857,0.355183634907007,1.06542227063285
"472",7.06990341240814,0.385175731265917,1.03437532866078
"473",6.95587706362847,0.959034153493121,1.01702210660704
"474",4.6138765393475,0.699465395649895,1.02133813131406
"475",14.8746709282996,0.237039692001417,1.06486559000399
"476",16.6655725947023,0.0161097382660955,1.08983000840453
"477",9.47178828146372,0.0416398907545954,1.03072177635296
"478",5.18994404848296,0.361240797210485,1.03144793096149
"479",9.13921505708504,0.253687326097861,1.04329327408865
"480",6.30471009897452,0.948105813004076,1.02686062097365
"481",13.0893150027788,0.704427983378991,1.08848579774409
"482",6.06243537380331,0.942600091220811,1.03816886856693
"483",11.3565842447302,0.328909968724474,1.06583104913318
"484",4.34767884558468,0.244446688564494,1.00676907506042
"485",5.68241256148864,0.356130340136588,1.01436126558496
"486",11.8278167654196,0.66580035770312,1.05797224186541
"487",9.22882902288616,0.0953845598269254,1.04722666177599
"488",8.41124486180486,0.838957831263542,1.04172426949736
"489",10.4082969444421,0.423718843841925,1.03537734225686
"490",16.3574381078562,0.322775923414156,1.06866523811858
"491",5.80771800101347,0.832307321019471,1.02718809613888
"492",6.21906013467644,0.279979659244418,1.02883937089347
"493",16.1307774330235,0.658228639047593,1.07923387581439
"494",12.2545428242582,0.703694156138226,1.06691645730307
"495",11.7084498242451,0.960451838560402,1.06188850804568
"496",15.2463298407401,0.0325851894449443,1.0822373666039
"497",3.35958910286859,0.848188738804311,1.00613405895638
"498",9.75044875513337,0.265954258851707,1.03566107136253
"499",12.7061268900082,0.491896954597905,1.06221251491713
"500",9.66282158634917,0.08139912574552,1.0605988988535
"501",17.0244625269682,0.126832317560911,1.05770170277139
"502",13.3071417280536,0.306382041424513,1.05115811041393
"503",8.71683403581913,0.288008301518857,1.04565964726623
"504",6.34818096031461,0.0519810898695141,1.0308981965736
"505",10.2769336871237,0.818838440580294,1.03649444118028
"506",6.75697648757972,0.825112709309906,1.0138394211202
"507",6.77665722876681,0.313658374594525,1.03245985220475
"508",9.50216364008421,0.904331748373806,1.06101859447709
"509",11.8213166062902,0.543834271840751,1.03850837566931
"510",6.84686665148035,0.694086232921109,1.06058966431986
"511",13.5679098329953,0.173790899338201,1.0731143665945
"512",18.0430433188071,0.494294573320076,1.10271001404953
"513",13.3297987077463,0.565970440860838,1.05733993027691
"514",10.0075405411258,0.974207103252411,1.04514705410165
"515",11.8491685993281,0.99918792815879,1.04331433454526
"516",8.44867571702052,0.898675810312852,1.03335823458537
"517",10.3210900641341,0.197601562831551,1.05886915334637
"518",6.48789220369676,0.445184573763981,1.03067300455627
"519",5.05405278727274,0.943641680292785,1.0340719666405
"520",13.0107444180187,0.792847388191149,1.06954802910644
"521",5.88117994568106,0.168016358744353,1.02958642658967
"522",0.327466426930618,0.231344126164913,0.992734656566956
"523",8.74547797746905,0.438464170321822,1.03736956929736
"524",4.36774025135537,0.704698536545038,1.02412672235467
"525",3.87696633471467,0.505844319239259,1.02031175106605
"526",9.99702973771392,0.0126409467775375,1.05288547323126
"527",17.1900199585758,0.39062278997153,1.08314218524905
"528",20.5934361098239,0.0156269266735762,1.08545008399481
"529",12.7315635514812,0.432590071111917,1.06872916913426
"530",4.44683303636701,0.675496800802648,1.03212632038907
"531",12.1566542261955,0.308044299250469,1.06565440094653
"532",5.19111514443654,0.683166739298031,1.02889039596355
"533",11.9813085425434,0.58733165403828,1.06209950719082
"534",9.91905484928909,0.868497964693233,1.05017280573319
"535",12.2588891802485,0.989858883433044,1.045607513983
"536",6.12498382179196,0.97066787420772,1.03040748287779
"537",5.71475829445068,0.307815308682621,1.00815949316906
"538",3.20145656093014,0.381099878810346,1.01825402497516
"539",7.23576052962724,0.981224719900638,1.02533496904938
"540",4.36103006140551,0.874044148251414,1.01154257023082
"541",9.98464030375493,0.210574115859345,1.03557230741786
"542",8.45034614721842,0.0370837023947388,1.04560454729058
"543",9.0558557918022,0.263108959188685,1.06254409709916
"544",11.4262320509267,0.525495575275272,1.06178899503426
"545",9.32036921612251,0.38110835570842,1.03447458528163
"546",6.18108117826725,0.43621956394054,1.01897346531916
"547",1.98190092351204,0.327592170564458,1.02494860423035
"548",6.1719016715195,0.120766135631129,1.03953838159911
"549",14.0281775713515,0.80383770656772,1.07291833258375
"550",12.6569223606292,0.20610386854969,1.07805087455897
"551",7.78381727578916,0.621981084579602,1.02388545903763
"552",12.9408013272415,0.483089965069667,1.07371274008785
"553",4.99011069380475,0.897681222530082,1.0313163637074
"554",11.6211160036649,0.0957461018115282,1.0589785598678
"555",8.36847789765336,0.705167795531452,1.05110703532719
"556",5.28513747655796,0.731711461907253,1.03808395551959
"557",4.73804292423658,0.0459469764027745,1.03334786712378
"558",12.0880383582831,0.519198747817427,1.07408801087737
"559",5.84667575584766,0.539867597166449,1.04300406259845
"560",3.27119017738443,0.408000354655087,1.00460895891941
"561",18.1369812560771,0.830139353172854,1.11340680239735
"562",9.99360823343793,0.908677796134725,1.05556925707478
"563",7.77372376662583,0.21463721152395,1.03523064362021
"564",4.1621810395197,0.921368372160941,1.0202198328775
"565",12.069119127179,0.176243527559564,1.04888126449199
"566",3.5041978183521,0.384479901986197,1.01588547955725
"567",10.5465877191831,0.327640262199566,1.06747688670264
"568",10.9059353526267,0.407324641710147,1.06776274114476
"569",10.5874903628332,0.158959371736273,1.04280264459599
"570",13.4284507332409,0.490692176856101,1.06289056823896
"571",14.1816634081439,0.161679608281702,1.06141342234196
"572",11.309452191476,0.732198881916702,1.0566146609334
"573",18.2213183367399,0.0259979688562453,1.08286522537902
"574",16.8904925138568,0.798053716309369,1.07609299297686
"575",16.385714041865,0.469413174549118,1.08980406129927
"576",2.84151966815902,0.376153902150691,1.02940328509502
"577",9.37559434618154,0.235597236314788,1.03464891676817
"578",9.26724322358646,0.183679336681962,1.05897193466418
"579",11.1278617920544,0.720946271670982,1.06060853475722
"580",12.7972771820721,0.191502245841548,1.07274443132419
"581",11.4391345149879,0.392877569887787,1.0529824759023
"582",5.74921105383053,0.666779374005273,1.01222010084361
"583",12.782057844953,0.214028849732131,1.05615417092083
"584",4.79247612178064,0.519827305572107,1.01516105534965
"585",4.00013605466351,0.971634280402213,1.00587120802354
"586",9.97624113679006,0.523119675461203,1.04489804695124
"587",8.84348607665522,0.529776524053887,1.03757744062499
"588",7.5960569373465,0.143339806469157,1.04028024856769
"589",9.75178358647663,0.878940216032788,1.06475198137967
"590",8.89742371683824,0.464390515582636,1.05048950254651
"591",12.9483072839292,0.701895070029423,1.06654555215665
"592",17.1194676505076,0.638062300859019,1.09456652628114
"593",14.6761731304042,0.067545757163316,1.06744872014275
"594",10.4378221238461,0.764232156332582,1.0544019465535
"595",1.68383683641773,0.746707555372268,1.00844984721295
"596",16.8829739200196,0.379536314168945,1.07950320877257
"597",9.9717306257775,0.805219295900315,1.05780658944819
"598",9.62064527970417,0.211623692885041,1.06481106801637
"599",4.53850515547716,0.0649584934581071,1.02528418888077
"600",6.29312859216115,0.751008580205962,1.03835530439654
"601",9.19063456521757,0.143710870295763,1.05624249156582
"602",7.08576307450334,0.672715123044327,1.04415027506561
"603",8.0610682577816,0.419227708131075,1.04277801140405
"604",10.0848721774559,0.0318402978591621,1.05948531546947
"605",3.1401443714555,0.862478280905634,0.99608569348936
"606",5.16518581058162,0.733265015529469,1.02974470157381
"607",10.488886082893,0.0994317338336259,1.05637199350501
"608",8.54380769791149,0.106545984512195,1.05892338002186
"609",6.58889717855964,0.257735043764114,1.03932645048823
"610",1.92386751314447,0.474911714205518,1.0094052054309
"611",4.7399691002332,0.963694389676675,1.01580836959656
"612",6.08504557765841,0.479690955486149,1.02615100508249
"613",4.05890863496731,0.603126380359754,1.01901007337659
"614",6.42579098234571,0.625768345315009,1.03000018784253
"615",6.6867213660588,0.807796624023467,1.04459222042861
"616",14.7430294287989,0.975651313085109,1.07348399443579
"617",9.81193961025397,0.322910611983389,1.05494679154753
"618",8.25399558533883,0.566546428250149,1.03222695548673
"619",16.1853545959306,0.220852746162564,1.0861230860533
"620",4.57534539251186,0.892456648405641,1.00733173095041
"621",7.33327068608493,0.744375592796132,1.03850997966805
"622",11.6977867213498,0.486539819044992,1.06268806625429
"623",13.9891603193152,0.52402247255668,1.085736352008
"624",11.2371576606359,0.894941061967984,1.05837123390845
"625",4.74396183079476,0.213639606023207,1.02819522747649
"626",7.28557061855371,0.376649839337915,1.02314888048233
"627",15.4965926216906,0.0461075836792588,1.0714756805712
"628",10.2404576646721,0.42737332591787,1.07110437097349
"629",8.24244797388631,0.515555332414806,1.05302154452586
"630",18.4698713922828,0.713292198022828,1.07944062888897
"631",15.2869797826877,0.517356942174956,1.08200856298713
"632",10.712642215208,0.985997994896024,1.06785281011803
"633",15.1715230299022,0.36549200839363,1.0633957069699
"634",5.6805333548624,0.994339271914214,1.01581229483011
"635",12.4247958386024,0.134321217192337,1.06803145764402
"636",11.7816712167062,0.589718771632761,1.07070969315568
"637",9.93361960082899,0.75204897695221,1.04242121223469
"638",17.840531002197,0.0416292734444141,1.09753915604872
"639",8.22437090678232,0.524750723969191,1.0604131377284
"640",8.74911229781919,0.904585460433736,1.04292362811342
"641",5.7809633685335,0.254025635542348,1.01253767142521
"642",12.6016299479173,0.979785813484341,1.07586128267744
"643",9.16116896350381,0.657446359982714,1.05652631130343
"644",8.82413844133051,0.707240156130865,1.05413126493447
"645",7.19410002012157,0.761923979269341,1.04055793553931
"646",14.1117328667541,0.963522558333352,1.06062741941703
"647",12.6371758623051,0.927848799619824,1.07266304908726
"648",12.11925407219,0.456384781282395,1.06434323324063
"649",16.9512678637495,0.531486667459831,1.08587056946908
"650",1.41384158197268,0.612158864038065,1.01404132335522
"651",7.31491733368886,0.807853084756061,1.01413309965045
"652",11.2721274587271,0.325248790439218,1.06498598310861
"653",10.0333363027299,0.905449569458142,1.061256649377
"654",16.4845194983241,0.04958331072703,1.07330970654966
"655",11.0600375717902,0.0761339257005602,1.06382849458908
"656",12.2497163784519,0.616766672348604,1.05789626250202
"657",6.06482976246477,0.0305771420244128,1.03167057757586
"658",9.03353631255716,0.622322078794241,1.03436940496591
"659",13.8736906642267,0.146532253595069,1.08801993613967
"660",14.4806706850707,0.0921343183144927,1.08346621066213
"661",12.5513213773009,0.332778367912397,1.06996672643192
"662",9.51896815903224,0.859014297369868,1.04799988390117
"663",11.1512497180466,0.282558168051764,1.04679082217761
"664",10.3314845242335,0.273915239376947,1.0396050360967
"665",8.29488902369533,0.0811372485477477,1.04063706549843
"666",7.51385760830755,0.36702299118042,1.0548821688808
"667",6.82235734084763,0.690084476023912,1.04460377959314
"668",10.2892209975147,0.0507045553531498,1.04574117086191
"669",9.43717017914046,0.494025147287175,1.04720788058775
"670",13.0197484607774,0.249318902846426,1.05136827276503
"671",6.6658415946947,0.115456976694986,1.02943884156244
"672",14.4573846641046,0.358840893022716,1.07998408269098
"673",8.28265011284057,0.772576448740438,1.04898156399641
"674",3.26738458448149,0.201286382507533,1.0344619991167
"675",14.0381923062646,0.629322443157434,1.06499910349305
"676",6.75395242811799,0.3310703758616,1.01125880580948
"677",6.37037937993993,0.0606499803252518,1.03079110271185
"678",15.0228587696362,0.091157857561484,1.0669746339706
"679",6.66376913799355,0.590670893434435,1.03053907521539
"680",11.7196333920093,0.656863077078015,1.05639768756836
"681",8.42135658540383,0.470738542964682,1.04360411810847
"682",9.6112589555863,0.750954492250457,1.07259485607752
"683",9.91183926312045,0.161475902656093,1.03182436658435
"684",17.3909459225866,0.0167185217142105,1.09200009503286
"685",9.38146749319357,0.0911752500105649,1.05219530536514
"686",12.7099056826496,0.537720513530076,1.05499178181553
"687",5.0522004200642,0.0940605395007879,1.02448197612879
"688",10.606625870708,0.666594658046961,1.06441057189498
"689",12.8889902017688,0.472057007951662,1.05959754558989
"690",9.1455154802421,0.116384695982561,1.04065114123796
"691",10.8101367218117,0.622786357998848,1.04014623092437
"692",14.3988412462721,0.795069108949974,1.0675960631218
"693",7.79783830699946,0.229014142649248,1.05985791785705
"694",12.8814663434282,0.479662487981841,1.04836686403699
"695",7.91631459402799,0.79190810979344,1.03549272174654
"696",16.0937754956517,0.877938405610621,1.08860992492772
"697",9.6887164157943,0.598881735932082,1.03181723399586
"698",4.16697598827328,0.793135744985193,1.01614146179367
"699",0.954623510707401,0.634777978993952,1.01654237712661
"700",11.7076499055002,0.744894426083192,1.04812787635886
"701",3.13739730973824,0.835424099350348,1.02110763628015
"702",11.263436483311,0.276651682099327,1.0504081335473
"703",7.5179146330519,0.500963237835094,1.05200262737774
"704",5.07257402393953,0.748406644212082,1.0299295509204
"705",16.3758097329603,0.1277829867322,1.06053172527088
"706",9.63625235656598,0.935550809605047,1.04521859439717
"707",9.85951366184099,0.2302003914956,1.03761719201593
"708",8.8175629771871,0.910771410213783,1.07058970157207
"709",5.45224275315194,0.594570616260171,1.03226623647404
"710",5.79875179143824,0.17478514323011,1.03361133739437
"711",10.842542710674,0.621378630166873,1.05311098795742
"712",14.9204750283167,0.676201788242906,1.07937344099783
"713",11.3655393869948,0.701421480160207,1.05982664845308
"714",17.4913881808042,0.131348947295919,1.07804993424054
"715",16.2579725025711,0.175322826486081,1.09284091075957
"716",3.62594616468697,0.338285719277337,1.02898789557949
"717",21.0037229528873,0.620913055492565,1.09165381697046
"718",6.42864614678619,0.310683851828799,1.01802550344909
"719",11.1779122330293,0.754828887060285,1.04799829158511
"720",6.82143901801219,0.321822616038844,1.03465269508403
"721",4.80341964015741,0.210714615415782,1.01794474146702
"722",13.2117678697273,0.8176204781048,1.07499350668724
"723",12.8585290288265,0.225487822666764,1.06849602860277
"724",12.7447998095938,0.922545230248943,1.04856970872473
"725",11.0428926545173,0.528360518859699,1.06500024309408
"726",9.23040628529141,0.894447101280093,1.03608799221331
"727",12.8338377359861,0.235543427988887,1.05766189973969
"728",7.62669138044117,0.554475805722177,1.02419838780659
"729",4.1051590328864,0.246042736573145,0.99998306133435
"730",10.8993718195711,0.0315790018066764,1.05981327242326
"731",4.014821200932,0.714450674597174,1.02025340799512
"732",12.3957117448966,0.138484982308,1.058936721519
"733",2.3146208266832,0.743321707705036,1.01330148659821
"734",15.9496316097874,0.226965546840802,1.08844176337549
"735",11.9785710611176,0.0170238488353789,1.06064154703488
"736",5.62512201547184,0.924891960341483,1.018358685071
"737",5.58156521670667,0.152521185809746,1.03754593750513
"738",6.08826153072069,0.120864018332213,1.05392381632328
"739",11.6562073256897,0.140698849689215,1.07129389170329
"740",14.5732287053908,0.815317514818162,1.06069844434687
"741",10.8941533687236,0.500090840505436,1.06415874009002
"742",8.36150915729757,0.610717547126114,1.04432334326954
"743",10.7384288827646,0.737237652763724,1.06034613746362
"744",12.2675774370818,0.993081831838936,1.04301017964724
"745",15.0208811173083,0.617462112568319,1.08118221516397
"746",7.66799017877601,0.805748854298145,1.04630565378794
"747",10.0721788462414,0.772352370433509,1.04815291879661
"748",17.6802221241669,0.0223965626209974,1.07604264070067
"749",13.9136916250716,0.113502471707761,1.07910699746206
"750",8.34874979908375,0.0816176848020405,1.03181045430904
"751",8.57967202997724,0.263415288412943,1.06431124569394
"752",6.3960919931419,0.380947633180767,1.02820427118407
"753",5.10064354332244,0.285464145010337,1.00472976464271
"754",12.6917005584065,0.566872187657282,1.06985985312612
"755",4.148025867786,0.339637628523633,1.00962928506771
"756",10.9897164506239,0.354216347215697,1.04170496510283
"757",2.52562316288901,0.615518074017018,1.01246926260518
"758",11.1023583267562,0.0231551867909729,1.05606408161768
"759",8.35663812932443,0.439060679636896,1.046856277654
"760",5.52491688615845,0.692317101405933,1.01691332287106
"761",6.54141602549764,0.119454431114718,1.01541085695681
"762",2.85324540695847,0.945532579207793,1.01582315609082
"763",5.05165404394455,0.495554900029674,1.0132176919661
"764",4.26476576023824,0.0936627080664039,1.0170414126599
"765",10.8754848325301,0.745439283549786,1.05766169041407
"766",6.24296086359438,0.066265685018152,1.0258456351107
"767",6.69246246885925,0.884783991845325,1.02762007627731
"768",11.0766223196663,0.173727818066254,1.0549729769326
"769",8.52390152496164,0.349395500263199,1.04063087809692
"770",8.77024422826209,0.49279920454137,1.02315345276278
"771",12.0523873108069,0.505215814569965,1.06660665244304
"772",6.26902756845672,0.0414238835219294,1.03869778964394
"773",6.35228574106805,0.267725504934788,1.02581040693611
"774",12.3985637010216,0.72640564548783,1.04453106095951
"775",2.99948372682834,0.988075155531988,1.0380279798695
"776",9.07747903412615,0.0346045072656125,1.05057139262406
"777",9.02306546918298,0.699386477470398,1.05454676338635
"778",9.54315795044213,0.560584152815863,1.05406338090995
"779",10.678528366988,0.971041861921549,1.05233475637202
"780",5.07497688982246,0.88853453239426,1.03857918240263
"781",13.308962678006,0.0479709503706545,1.07522453614042
"782",15.2844106247823,0.156257831957191,1.08036404990218
"783",7.13244726528783,0.595461765769869,1.04903384707079
"784",9.65232107039325,0.762765924911946,1.03177417606998
"785",14.4692997225036,0.141404071124271,1.0813106210738
"786",9.64585986020285,0.700802783248946,1.05661026639912
"787",4.98844359030636,0.75683296751231,1.04237345082993
"788",6.34362360892467,0.0400012680329382,1.03467183489559
"789",13.0928747187899,0.435275157447904,1.05424051931968
"790",15.0070102574486,0.881766175851226,1.08749910049018
"791",10.6423340759693,0.210422776639462,1.03809243544189
"792",5.24952707641657,0.263895041542128,1.01830051312427
"793",10.5977163798291,0.6952188545838,1.06350285739104
"794",9.86003499108857,0.445874499389902,1.04605067395309
"795",6.02711891106204,0.504680127371103,1.03474852018572
"796",5.18884835650177,0.776859712786973,1.02876096184022
"797",11.0232601776041,0.248697804752737,1.06446378915662
"798",14.2319890938918,0.83666303823702,1.06400394842835
"799",4.39008091243931,0.779685008339584,1.0220665722797
"800",3.42002782529162,0.433326594997197,1.03482756533272
"801",-0.135868806118246,0.664756289916113,0.989254012389567
"802",10.5132111073191,0.485144794452935,1.06246434025815
"803",13.7523828744002,0.343104182276875,1.06863041142988
"804",14.6864866457576,0.726583125302568,1.06167301015158
"805",2.82412128505818,0.0524779283441603,1.00131594693376
"806",14.4826450232651,0.976266601122916,1.08759960147729
"807",17.9636673267533,0.739611377706751,1.09620762442835
"808",10.2738288240963,0.643148170551285,1.05547393352457
"809",4.96957503724899,0.406879362650216,1.03635114571681
"810",9.03407032225121,0.0833984843920916,1.04892701131721
"811",11.4903480274441,0.717050851555541,1.06670914433208
"812",6.06416765845236,0.817647820338607,1.02372453080751
"813",15.4960379520915,0.136679460294545,1.07130860717087
"814",5.53665325530071,0.589966861531138,1.03878630389038
"815",2.96727957544422,0.572012017015368,1.01448975479439
"816",8.72833460205347,0.603134686127305,1.04081163018878
"817",17.1139261162941,0.188936525490135,1.08007029117837
"818",9.47270232888611,0.61320792301558,1.04913956485354
"819",10.7577572951075,0.754137601936236,1.05455690088263
"820",9.31170879478285,0.620150296250358,1.0521862194424
"821",6.6375688282471,0.495487964944914,1.04553016199343
"822",10.588396568586,0.308793118456379,1.05580001653095
"823",12.3398214267695,0.859143768902868,1.05557830204877
"824",5.8950274841961,0.20983862853609,1.03617044040009
"825",7.08691303667663,0.584165094653144,1.02535985466573
"826",9.4338134902136,0.716482284711674,1.04863145506847
"827",9.56069162574461,0.782289607916027,1.05716339171473
"828",10.6289955675291,0.336395817343146,1.02843101541127
"829",9.68385428161748,0.93407849711366,1.05020736083117
"830",19.1700660075183,0.379267760552466,1.11235131211713
"831",9.44269719239995,0.578007746487856,1.03084901260417
"832",14.0200537466206,0.861825191881508,1.07549959502759
"833",11.3256318469894,0.544566810131073,1.04850102239013
"834",8.46585549542485,0.54730908991769,1.05286573974308
"835",7.64315690045188,0.960710280574858,1.04209411593636
"836",9.47742825199629,0.0746519190724939,1.05013355958494
"837",12.2940283414753,0.54582391679287,1.05569701671244
"838",11.0113618302669,0.431745147332549,1.05345837729125
"839",6.36584119737058,0.774523527594283,1.03063787389865
"840",3.43663380455444,0.907586328452453,1.01877780167029
"841",11.8949355225349,0.0370156869757921,1.04577695547101
"842",5.83977478783087,0.984813647111878,1.02670079842095
"843",18.1760407567156,0.512168712215498,1.0824799926107
"844",8.46067444808289,0.218114737188444,1.04680143401901
"845",1.70447517555768,0.370805599493906,0.997677640636306
"846",11.9713229168038,0.170745215145871,1.0540864569188
"847",11.0544906404818,0.315027918433771,1.04514372620217
"848",9.58417324876633,0.433080464834347,1.05112652252012
"849",14.1581235685361,0.122990756528452,1.07304811283482
"850",15.4676991151297,0.739756845170632,1.08639239778091
"851",10.3017244871028,0.471312357112765,1.05474015457869
"852",1.51998213242404,0.0168634792789817,0.993630386541835
"853",14.7026956900655,0.0493151715490967,1.08703583769743
"854",12.7873397495227,0.637757104355842,1.08521702636509
"855",11.4044366072649,0.401278704172,1.050955802459
"856",12.3099627853032,0.564094619592652,1.08671257080069
"857",8.62188589705823,0.276799354935065,1.04103849941466
"858",8.64540130766994,0.341041839914396,1.04910202364958
"859",9.37144852679851,0.091771352570504,1.03873038822978
"860",0.666596241828747,0.818776254775003,1.0007822198857
"861",10.6321043304174,0.535431275842711,1.06828460053557
"862",16.360388989479,0.315959518076852,1.07778376310641
"863",12.7482957336009,0.109547574771568,1.09172763074588
"864",11.6057408533518,0.206837840145454,1.05242978131251
"865",5.9148593895308,0.0389102997723967,1.02724839601146
"866",8.83701376747713,0.168710491154343,1.04829941382184
"867",12.758526940302,0.718669922556728,1.06974444238833
"868",4.38371978871479,0.423945241840556,1.03048247617582
"869",8.40689321806062,0.348402856616303,1.05003997769977
"870",0.580970528620616,0.864104443695396,0.99905572384509
"871",11.1388314090175,0.0481372498907149,1.04229878068325
"872",-0.778783937099567,0.0824387357570231,0.981246420071727
"873",4.97786478520336,0.184871399542317,1.04610398654616
"874",12.6595579814815,0.688807249302045,1.05651843483677
"875",8.24954208710839,0.806469137780368,1.04675695055902
"876",9.08913787201533,0.742416550638154,1.04509000545999
"877",8.16077347609513,0.169974455377087,1.03927581011128
"878",14.1187401244722,0.637905916664749,1.06801406947628
"879",12.3664246573728,0.234608070459217,1.038863583181
"880",8.29594060292055,0.0906115248799324,1.04200550048702
"881",7.49831899243143,0.524319138843566,1.04281162562472
"882",10.8112884987202,0.457973206182942,1.0579673620452
"883",14.0791590309693,0.458677935414016,1.07815942213152
"884",10.7848223008103,0.857139049563557,1.04601805053192
"885",11.3922424631751,0.164774811826646,1.06042046294345
"886",8.24502903460101,0.642916033742949,1.03794327238577
"887",7.0766468530157,0.23454850516282,1.0263179572203
"888",10.8810807099869,0.913448174716905,1.0743067694478
"889",7.3616393805593,0.384302877355367,1.04885139167781
"890",14.1493539444036,0.345946538727731,1.07445934211975
"891",13.5904792820778,0.762239648494869,1.09274277625927
"892",9.97811884958916,0.643640269292518,1.06762562520615
"893",10.927607839806,0.308749057585374,1.04743128406553
"894",13.2408760218495,0.939019737765193,1.06393219374798
"895",12.5785226176052,0.520553689217195,1.05627719127417
"896",7.00031169007226,0.370490004308522,1.03383214589162
"897",8.43637758881354,0.134071198990569,1.04963545446021
"898",17.9877113089904,0.0957134384661913,1.09408867945902
"899",8.98481347640632,0.761089037870988,1.04420197526432
"900",10.1371863803224,0.192366303410381,1.05251677852656
"901",12.2520051269133,0.573751875432208,1.06568568075368
"902",7.83253308841625,0.79435701505281,1.03728334738254
"903",10.9121183242791,0.876399917993695,1.04163288197518
"904",21.6309288692351,0.133634990779683,1.11964142981426
"905",6.95905288404779,0.0519968559965491,1.01541611825552
"906",14.0844172998323,0.400443468941376,1.07642784948802
"907",7.30005682744922,0.80681089987047,1.03301847365154
"908",11.3170268194901,0.588031060062349,1.03677698505153
"909",14.2827334432623,0.302537278272212,1.06496878196732
"910",11.0867607307657,0.327215676894411,1.05033241594776
"911",9.68463761381296,0.994940635282546,1.05047354073025
"912",5.41780848882279,0.718572075478733,1.03391538471029
"913",8.81337645284667,0.530677347443998,1.05228830454911
"914",1.85931692582261,0.800448106601834,0.992303539180676
"915",13.4802987341283,0.903650384396315,1.07189368827454
"916",13.2982833143452,0.693391689332202,1.07992588643865
"917",7.56246641864677,0.665903845103458,1.04860792456852
"918",12.9366223891647,0.797025756910443,1.05141450678238
"919",3.80353919651789,0.55457555456087,1.01579871530755
"920",10.3072743995366,0.342015874106437,1.04938453332709
"921",8.49067248818761,0.408130668103695,1.04274517984703
"922",11.8241373618167,0.543603750644252,1.04391433454328
"923",10.7791596181928,0.497620614944026,1.06092587444341
"924",14.194028124367,0.43192862928845,1.06375994189988
"925",10.2948350323781,0.548530535073951,1.05903937693427
"926",11.573920462294,0.165297223255038,1.05547606822705
"927",19.0214625483426,0.614276068285108,1.09115083926908
"928",5.64734508484385,0.779129875358194,1.0329978554201
"929",20.7614586874606,0.362242459319532,1.0996322092564
"930",13.2856586681705,0.0492756722960621,1.07894747687197
"931",11.5811062583282,0.815617377171293,1.07321066823781
"932",13.0269758930781,0.625232268357649,1.07282644476958
"933",7.57617435002456,0.717649159720168,1.04565337700442
"934",10.3861959202593,0.444942133268341,1.05411125145824
"935",13.9372382895085,0.92044391692616,1.091388168116
"936",9.30179513983111,0.627488072030246,1.04596727807633
"937",7.32808542888618,0.795768352923915,1.04659134602326
"938",17.0767040350682,0.766190398717299,1.10567821626482
"939",4.90260555875518,0.947127924999222,1.03769000304993
"940",4.23111910080566,0.220446650171652,1.01107816968737
"941",11.3722973259644,0.0874395209830254,1.0610639473218
"942",14.4571569758013,0.366322016110644,1.05958170364053
"943",3.79605340251807,0.878095387713984,1.01539671171349
"944",6.05473763784124,0.739730364643037,1.03266496169648
"945",2.70283040334544,0.328261251794174,1.01453386967182
"946",10.0522569491615,0.738570044282824,1.06760716839582
"947",10.3952117380776,0.194238462019712,1.05503414513799
"948",10.5750381446453,0.496435169596225,1.06112466647086
"949",8.63975957913773,0.558878244366497,1.05554784558349
"950",13.2632315985436,0.20966687053442,1.04318458365074
"951",8.3165427834977,0.813634172780439,1.03170929452175
"952",13.8341948212371,0.3376150932163,1.06079576321271
"953",8.83492849281397,0.353623036993667,1.05005716314197
"954",15.9283552818011,0.702384901698679,1.06924018425573
"955",11.7546293149887,0.527981232851744,1.05052671748062
"956",10.0541422498784,0.279926604358479,1.06350103922
"957",10.9773794138994,0.487370474264026,1.03908266283935
"958",12.8634839605859,0.464505927171558,1.06591854816782
"959",1.27088144623304,0.547376669477671,1.02475948722775
"960",13.181622749856,0.471784609835595,1.06239056815476
"961",17.0159264813987,0.0860441070981324,1.09427526315351
"962",17.5115941170155,0.693002659128979,1.06765288066845
"963",5.78812281133707,0.699687271844596,1.05932994678313
"964",3.21091753005286,0.178164792712778,1.037631372484
"965",2.59478561981398,0.811927240574732,1.02790643885198
"966",14.4415570035964,0.292946024099365,1.08147762873379
"967",6.94540741721522,0.902887345058843,1.04663314154686
"968",12.3493319860092,0.886390458792448,1.05947124501294
"969",8.25987811347134,0.836075952043757,1.05722916193899
"970",11.0366374244498,0.254774399101734,1.05680851996701
"971",15.6776942642055,0.0612788221333176,1.08367907809735
"972",9.50893154247755,0.262321907328442,1.03926847849822
"973",11.5000620096909,0.838960240362212,1.07843481840132
"974",8.11121130685799,0.532292371848598,1.04228602966704
"975",5.87634248561282,0.504014199832454,1.02906969916453
"976",5.74451365831767,0.14316709106788,1.02329646721758
"977",9.76168840490151,0.51438919454813,1.05843678499109
"978",12.2307673992199,0.672640837263316,1.04888604229435
"979",9.11804275457803,0.844942201394588,1.0489339270983
"980",6.99675432465923,0.808696232968941,1.03637680484182
"981",10.6962781084811,0.359556693816558,1.06037760538192
"982",12.5684207869465,0.235626321984455,1.05329620190909
"983",10.9340352351526,0.0356227809097618,1.06585257601401
"984",8.30127723109335,0.21841145073995,1.04556387699638
"985",7.14132273593523,0.88880681572482,1.03004509194067
"986",13.2357743226011,0.228700719075277,1.06594203369115
"987",19.9353116070745,0.16619806503877,1.09429154850399
"988",11.4959361634577,0.878803480416536,1.04828502927772
"989",11.439553401336,0.684132238151506,1.05340397791201
"990",7.78052049310579,0.809057844104245,1.03127814388912
"991",5.07936601536266,0.718631516909227,1.0402499291887
"992",10.5535935900005,0.294251947430894,1.0689596570599
"993",6.52909415921613,0.341795669170097,1.03369376488021
"994",19.4074500202781,0.382882437203079,1.09272495619513
"995",6.98360483011045,0.664547997293994,1.03748146309456
"996",11.7933947542619,0.195607039378956,1.04131176300908
"997",6.83804578350025,0.237244993681088,1.01142117910311
"998",5.69611188007532,0.823984863702208,1.03827008791856
"999",6.13176262462269,0.334902565227821,1.04536083714655
"1000",12.4911987375733,0.409917927347124,1.06578818794866
